"昵称","性别","IP","UID","等级","装扮","用户权重","获赞数","粉丝团等级","评论"
"-Adark轨迹-","保密","无IP","6433983","6","天依游学记・歌行","10000","2700","","早起的孩子有花花和典典看[蛆音娘_卖萌]"
"灰原without哀","女","无IP","30706615","6","崩坏：星穹铁道","10000","2120","","30:50病娇菊花花,34:55琪亚娜：我什么都做不到"
"傲世流云","保密","无IP","188726603","6","崩坏：星穹铁道","10000","3554","14","菊花花，典典，小哑[打call][打call][打call]"
"silly沐","保密","无IP","6646795","6","圣诞节快乐","10000","2308","6","现场直播看一遍，重播再看一遍！,kiana：我什么都做不到！[蛆音娘_滑稽]"
"雪辰沙","保密","无IP","352751792","5","","10000","1424","","崩崩崩版初号机，逆熵工业历时两年打造，运用90%天父机甲为基础，第一律者摩托罗鸭、死之律者力量灌输，空之律者、雷之律者，炎之律者辅助铸造，专业对崩坏型生物机甲。天上地下无敌绝伦。崩坏兽们的噩梦，死士们的克星，量子生灵的灾难，虚数造物的绝对天敌！律者们的强力对手！机甲之中的无冕之王！,将在未来登陆逆熵store，敬请期待。[doge]"
"沉迷六花的嘎嘎米","男","无IP","13865175","6","","10000","1081","1","小哑：我们的背景变了,陶典：背景还是绿色的啊[doge]"
"遇见银银","男","无IP","36851804","6","EveOneCat2","10000","999","7","我被卧室里一只盘旋的蝙蝠折腾到现在还没睡，然后就看到了这个推送[热词系列_知识增加]"
"围星道具","男","无IP","28087532","6","","10000","902","","敢不敢下次剧情直接发糖[崩坏3_糖葫芦]"
"o~・","保密","无IP","11630201","6","","10000","643","","亲爱的舰长，非常抱歉刚刚直播中第三个福利兑换码放送错误，爱酱在此放出第三个正确的兑换码：【QSNVN5KF4FJM】，内含2000水晶，有效期至7月10日，数量有限兑完即止，每个账号只能兑换一次。再次向各位舰长表示歉意！（爱酱土下座）,[蛆音娘_滑稽][蛆音娘_滑稽][蛆音娘_滑稽]"
"托革I一共","保密","无IP","87635686","5","2021拜年纪","10000","527","","总结起来：冰律奇惨无比，刚一出来还来不及装逼就会被四个律者（加上琪亚娜的死律核心）暴打[滑稽]"
"琪亚娜ぐ卡斯兰娜","保密","无IP","312219134","6","泠鸢yousa","10000","480","10","芽衣琪亚娜夫妻吵架，渡鸦小岛别墅遭殃，隔壁凯文奥托老大爷看热闹拱火[泠鸢yousa_滑稽]"
"龙套空想概论","男","无IP","72873140","5","","10000","467","7","琪亚娜，你还想逃么！[doge]"
"青赤233","保密","无IP","14033515","6","原神","10000","330","7","冰律的诞生：关于在赤道太tm热付不起电费开空调一气之下觉醒成为律者这件事[doge]"
"艾米莉雅碳cc","保密","无IP","33307364","6","崩坏3・天穹流星","10000","347","7","有掐脖子吗？有的话能给个坐标吗[doge]"
"夜樱丽奈","保密","无IP","12839788","6","赏樱大会欧皇","10000","268","","策划:我懂个屁崩坏！   [滑稽][滑稽][滑稽]"
"背负着德莉傻的犹大","保密","无IP","277403833","6","","10000","290","","女王芽衣建议加入舰桥互掐互动[doge]"
"刮痧爱好者","男","无IP","237211176","6","","10000","263","","崩坏三已经玩两三年了，雷律登场固然很令人开心，但相比于雷律我更期待那些已经陪了我两三年的女孩们的后续怎么样，可以说这是我现在对这个游戏最大的牵挂了[微笑]"
"o~・","保密","无IP","11630201","6","","10000","182","","我觉得渡鸦要是上舰，那肯定有一堆lsp要狂喜。。。。不过，，，咳咳[蛆音娘_滑稽]"
"磁爆步兵54","男","无IP","3443416","6","","10000","179","","陶典：我什么都做不到……,菊花花：[喜极而泣]"
"左天2001","男","无IP","37768531","6","星座系列：双鱼座","10000","172","9","预祝各位，雷律5发毕业！[泠鸢yousa_干杯][泠鸢yousa_干杯][泠鸢yousa_干杯]"
"寒光Hikari","男","无IP","32500081","6","星座系列：狮子座","10000","32","4","在?贝拉东北口音语音包gkd[滑稽][滑稽]"
"Lyurics","男","无IP","392558505","5","","10000","187","","错过了直播,错过了兑换码,目前为止有效的兑换码：,QSNVN5KF4FJM"
"luke__________","男","无IP","77060577","6","国民老公带回家","10000","29","","怎么策划不露脸？[微笑][微笑][微笑]"
"他必将如闪电般归来","保密","无IP","108282365","6","","10000","135","","昨天血亏250水的集合！哭了"
"隐秘而伟大ff","保密","无IP","471240121","5","","10000","33","","来得早，有刀吃"
"玛丽萝丝大湿","男","无IP","13499855","6","星月夜Asteria 收藏集","10000","104","","醒来发现有回放了，不知道说啥，那就祝各位舰长一发扩充出雷律，四发精准毕业[妙啊]"
"E睡不起飞星攻击","保密","无IP","104165752","6","崩坏3・天穹流星","10000","27","11","什么时候把憨憨也请来直播间[doge]"
"IcLin冰凌雪辉","保密","无IP","159317618","5","2233白色情人节","10000","27","","幽兰戴尔和丽塔还待在天命，布洛妮娅和希儿一起了，琪亚娜要拯救世界，芽衣跟着世界蛇混了，姬子还不知死活，符华被暂时休眠，就剩下咱舰船上的德丽莎了。[妙啊][妙啊]"
"萌田小薰","保密","无IP","30604690","6","","10000","120","","你们都住在B站的吗"
"背负着德莉傻的犹大","保密","无IP","277403833","6","","10000","96","","只见在舰桥上女王雷律正在互掐脖子，理律在一旁正喊着你们不要再打了，突然黑希从背后捂住了后宫鸭的眼睛：祈祷nia？[阴险]"
"雾屿想出五星","男","无IP","548194688","5","","10000","26","","说起来你们可能不信，我玩崩三是为了看剧情，看完剧情就开始扫甲板，不会一把今天的活放到明天，女武神们都说我很健康[doge][doge]"
"自闭AI-001","保密","无IP","3313369","6","","10000","88","","别人看见渡鸦：腿真长→打滚→我好了,我看见渡鸦：狙击姿势不对瞄了个寂寞→鞋子不稳→腿真长→这个妹子真好看,我可能没救了"
"Paimon_z","女","无IP","320180276","5","原神","10000","61","","我是个普通的看直播的85级萌新，昨晚看直播弹幕真心太难受了，有人居然在上面装网络警察喷那些所谓的乞丐（要水晶的弹幕），我寻思着，世界这么大，什么人都有，很难理解吗？我觉得很正常呀，有什么喷的呀，他们刷就刷呗，影响那些警察什么事情呀？再说又不是满屏刷，只是时不时刷一下罢了，居然有人装什么所谓素质高的人去喷那些刷屏要水晶的人为乞丐，我人都傻了，你们所谓的素质高就是去喷那些要水晶的人为乞丐？真是讽刺，一边说弹幕素质差一边喷弹幕，你们不觉得脸红吗？依我看，就是因为你们这些人弹幕素质才会差"
"枭矢暮城","男","无IP","227426560","5","","10000","78",""," , , ,  , ,光翼 , ,然后"
"小透明晃晃","保密","无IP","176024949","6","斩兽之刃","10000","22","","呃……陶典喜欢菊fafa做的菜是真的……"
"青椒拌饭一大碗","男","无IP","16698773","6","","10000","22","","3:47红毛是舰长吗？[热词系列_知识增加]"
"高西沐","保密","无IP","39856695","6","十年大会员","10000","147","1","虽然知道剧情不可能尽如人意，但希望哪一天我能够亲手决定女武神的命运，而不是氪着金看着客户端界面的角色感觉她还在。"
"清羽沐阳","男","无IP","174001555","6","崩坏3・天穹流星","10000","56","11","典典这次的妆化的好成熟啊[崩坏3_糖葫芦][崩坏3_糖葫芦]和直播的样子简直是两个人的样子[笑哭][笑哭][笑哭]"
"对影-成双","保密","无IP","406575015","5","","10000","25","","8tnvn52wmf2v,Pspupxhx6zsd,DA6C6LJFLW2F,QSNVN5KF4FJM"
"言出卡随欧欧子","男","无IP","270083532","5","圣诞节快乐","10000","56","","准备睡觉前刷到了[doge]"
"葱烧鲔鱼","男","无IP","24301755","5","初音未来13周年","10000","53","","菊花花：你看这个小哑，才甜几句就受不了了，真的太逊了！,,陶典：（笑）这个小哑就是逊啦～,,菊花花：（靠近）听你这么说，你很勇哦？,,陶典：开玩笑，我超勇的啦，我超会撩的啦,,菊花花：超会撩，很勇嘛（摸腿），身材不错哦，蛮可爱的嘛！,,陶典：哎哎fafa姐你干嘛啦,,菊花花：哎哟，你脸红啦，来让我看看。,,陶典（危）：fafa姐不要啦！,……,菊花花：kiana，你还想逃吗？,,陶典：不想了……fafa姐我还要"
"黄昏尼罗河T_T","保密","无IP","180199738","4","","10000","21","","舰长一到店，所有喝酒的女武神便都看着他笑，有的叫道，“舰长，你肝上又添上新伤疤了！”他不回答，对柜里说，“开两发精准补给，再补一张扩充。”便排出三张大卡。他们又故意的高声嚷道，“你一定又偷氪了金了！”舰长睁大眼睛说，“你怎么这样凭空污人清白……”“什么清白？我前天亲眼见你卖了课本，半夜数钱。”舰长便涨红了脸，额上的青筋条条绽出，争辩道，“微氪不能算氪……微氪！……读书人的事，能算氪么？”接连便是难懂的话，什么“非酋固穷，什么“者乎”之类，引得众女武神都哄笑起来：店内外充满了快活的空气。 舰长开完三张卡，涨红的脸色渐渐复了原，律化娜便妩媚地问道，“舰长，你当真想要我么？”舰长看着问他的人，显出不屑置辩的神气。他们便接着说道，“你怎的连半个 S 也捞不到呢？”舰长立刻显出颓唐不安模样，脸上笼上了一层灰色，嘴里说些话:“律化娜是吧，米哈游里有我的人，你早晚是我的。”不苟言笑的白练噗嗤一下大笑起来，“舰长，这辈子只有我陪你了”。 有几回，其他几个女武神听得笑声，也赶热闹，围住了舰长。他便给他们经验芯片吃，一人一张。女武神升了半级，仍然不散，水汪汪都望着舰长。舰长着了慌，伸开五指将背包罩住，弯腰下去说道，“不多了，我已经不多了。”直起身又看一看背包，自己摇头说，“不多不多！多乎哉？不多。”于是这一群女武神都在笑声里走散了。[doge],-----------------------"
"清纯死宅菊池茜","男","无IP","29478914","6","","10000","21","","纵使黑云蔽日,我也要燃烧天空,带你找到回家的路。,――《最后一课》,纵使长夜漫漫 永劫无期,我也要化身星辰 点燃希望,你的誓言 由我来实现。,――《天穹流星》,雷光斩断过去    你我踏上歧路,当雷鸣散尽    暴雨停歇,我将坠入黑暗    换你回到光明,――《罪人挽歌》,[崩坏3_无辜][崩坏3_无辜][崩坏3_无辜][崩坏3_无辜][崩坏3_无辜]"
"我特微风","男","无IP","24172655","6","2021拜年纪","10000","54","","希望神环展开的时间能长一些"
"古小鹤","保密","无IP","397895864","5","","10000","21","","30:45"
"找错人了","保密","无IP","170942280","5","","10000","57","","直播大致内容,1.主线十八章大致方向（芽衣随世界蛇收服第五律者）,2.雷律短片制作的幕后（参观米哈游公司与采访制作团队）,3.雷律角色演示（高跷没了，加了神环）,4.两cv心得交流,5.夏活介绍（类似大富翁玩法）,6.新版本福利：登录送4选一太刀，新手送雷八和结晶，天命商店第二期（可得勿忘新皮），三夏装与零食，可肝圣痕。,7.各种优化,8.崩坏3宣布与新世纪福音战士联动,9.天猫商城活动"
"Lionel19Messi","男","无IP","169896558","5","","10000","17","3","真的建议把雷律的高跷改回来，理律可以浮空，女王可以飞，雷律走地倒也没什么。米哈游可能觉得高跷去掉打斗跟走路的时候违和感会少一些，但是玩家这边可能就觉得雷律毕竟是芽衣的一个蜕变，看看cg里面的最后一幕再看看去掉高跷后的芽衣感觉少了一些东西，少了一份格调，就是芽衣成熟后的那一份逼格，感觉就是整体的气质上面削弱了很多。还是希望官方能把高跷加回来，这是我的个人观点希望认同我的舰长们可以把我顶上去让官方看到，谢谢。"
"叶下秋子Kanoka_Akiko","保密","无IP","7482803","5","","10000","48","","强烈建议直播/录播的时候用衣领上的麦克风夹子(或者别的方式), 声音一大一小非常让人害怕qwq, 这样避免抢话筒, 也避免情绪激动离话筒远了声音贼小wwwww, 请爱酱三思啊!"
"改名就肯定可以中奖","男","无IP","318621311","6","","10000","17","","冰之律者-空，盲猜渡鸦救过里面孩子的人。"
"土拔许","男","无IP","87584886","6","崩坏3・天穹流星","10000","17","","你游终于联动了"
"星龙九霄","保密","无IP","100769886","6","崩坏：星穹铁道","10000","55","9","昨天看的，菊花花好坏啊[doge]"
"O郅鲜澜o长","男","无IP","407010645","5","Kizuna AI","10000","46","","菊花花以前配音的名字叫工口小菊花，呃，我觉得挺好的。"
"希琪古怪","女","无IP","527334755","5","","10000","19","11","前来考古，再看病娇，可以，我能写文了[doge][doge][doge]"
"o肆拾贰o","男","无IP","17466597","6","","10000","42","","现在看完罪人挽歌感觉挺难过的，然后又去看了一遍reburn突然又懂了什么[思考]"
"青鸟飞鱼的兰博P","女","无IP","13674793","6","希萝Hiiro","10000","15","","琪芽人回来补三次元的糖了（bushi）"
"恭迎三环龙王井少","保密","无IP","8943463","6","三周年恋曲","10000","34","","你们都在许愿一发出雷律，我就不一样了，我一发必出雷律，至于为啥，我呆鹅S了[无语]"
"道沧玄","保密","无IP","214443170","5","原神","10000","16","","我要看你们把憨阿姨带上台[泠鸢yousa_滑稽]"
"野兽仙贝派","男","无IP","32797072","5","","10000","33","","芽衣保护琪亚娜，策划什么时候考虑下保护下我的钱包啊[doge]"
"我是白大仙","保密","无IP","588688630","4","","10000","12","","本人崩坏萌新，想问歌姬这个服装以后还会出吗？还是像网上说的准备好258就行了。求解。"
"wwss1","保密","无IP","88520730","6","物述有栖","10000","42","","就算你优化女武神界面，她还是不能摸啊啊，怒吼,我怀念被踢出去的感觉了[大哭]"
"新洋WuMi","男","无IP","13913119","5","","10000","14","","为什么没有掐脖子，我想看互掐脖子[doge][doge]"
"早睡早起并不困难","男","无IP","307416046","6","hanser","10000","11","","请问这趣多多联动它合法吗？[doge]"
"长草的旅行者","保密","无IP","89335666","6","原神","10000","11","4","EVA＋崩坏3＝爷青回（双喜临门）[doge][doge]"
"卡乌西斯-布莱特","男","无IP","284572848","6","崩坏：星穹铁道","10000","13","9","难怪要准备吃的给菊花花……"
"罗刹单推人","保密","无IP","34425968","6","","10000","13","7","你们住b站吗？"
"燕亦护","男","无IP","309473274","6","","10000","10","","别叫世界蛇了，叫抗律者动物园得了[doge]"
"大kingb","保密","无IP","18712769","6","崩坏3・天穹流星","10000","10","","话说你这联动一点消息都没，直播还是一笔带过(=ω=)"
"Anui安允丶","男","无IP","67857032","6","原神","10000","10","","凌晨五点的舰桥[tv_鬼脸]"
"璃茉星辰000","女","无IP","607998691","5","","10000","9","1","陶典账号:呼啦啦跳跳猪"
"一枚月宝","保密","无IP","34484719","6","2020拜年祭（鼠）","10000","9","4","律者密码： 我什么都做不到[doge]"
"不肝而非","保密","无IP","16609010","6","原神","10000","8","","37:43   养肝护肝崩坏3[疑惑]"
"爱动的梨","女","无IP","8372513","6","","10000","8","7","琪亚娜：沉迷芽衣美色，拯救个锤子世界！"
"七许星","保密","无IP","435091602","5","","10000","8","10","31：16秒病娇芽衣上线[妙啊]"
"_落地雨_","保密","无IP","296440935","5","","10000","8","","果然妹子一多直播就跟男的没关系了[滑稽]"
"卷不死の学狗","保密","无IP","397584632","5","","10000","8","","敢不敢让我一发入魂中雷律！！！！[2233娘_耶][2233娘_耶]"
"千律0002","保密","无IP","397007282","5","","10000","7","10","听说有病娇!!!慕名而来"
"ElyisanRealm","男","无IP","109393285","5","","10000","7","","等等，崩坏和EVA联动是确定了吗？"
"挚畚┤","男","无IP","21938233","6","雪未来","10000","7","","琪芽贴贴(×),菊fafa和陶典贴贴(×),都给我贴(√√√)"
"killer丿一方通行","保密","无IP","32231442","6","hanser","10000","7","","赞我的我愿把我抽雷律的运气都分给你们，祝你们十连必出，至于我，雷律出不出不由得她了，我要定了！"
"呵呵vvk克拉克","保密","无IP","358486865","6","","10000","7","11","弹幕里有人说符华公鸭嗓，麻烦站出来让我杀了你[阴险]"
"天穹波斯猫","保密","无IP","1293983","6","崩坏3・天穹流星","10000","7","11","典典 永远滴神![崩坏3_口水]  手撕考哥!"
"-雷电龙马-","男","无IP","482539337","6","","10000","7","4","早起的舰长有花花和典典看[doge][doge]"
"妖小冽丶","保密","无IP","28638019","6","","10000","7","","我就不一样了，我准备睡觉了[热词系列_知识增加]"
"六个萧","女","上海","65363925","6","","10000","7","","琪芽重逢前来考古[脱单doge]"
"夜樱丽奈","保密","无IP","12839788","6","赏樱大会欧皇","10000","9","","请问大佬用妖刀让2追3的绝活哪里能看到[支持]"
"客服大祥老师的耳机","保密","无IP","629300003","5","崩坏3・天穹流星","10000","6","","那个时候，典典还有头发"
"沐白hfvh","女","无IP","521706281","4","","10000","6","2","典典真可爱，声音好听"
"喾枢_kovet","女","无IP","142284818","6","","10000","6","","30：55"
"我也要改名做欧洲人","保密","无IP","28026760","6","鹿乃","10000","10","","菊花花和陶典贴贴，我和芽衣贴贴。"
"舒马赫级的老司机","女","无IP","17497328","6","","10000","5","","病娇芽衣可以gkd？"
"Ao_Jio","男","无IP","263697768","6","","10000","5","","陶典的声音太好听了啊！！琪亚娜本娜[tv_流鼻血][tv_流泪]"
"啊嘟嘟QAQ","保密","无IP","178651573","5","","10000","5","","在？互掐下脖子[doge]"
"来相互伤害","保密","无IP","269079360","6","","10000","5","","在？什么时候把第一期泳装复刻一下，钱不是问题。"
"迷途世间旅行者","保密","无IP","39312419","5","","10000","5","","错过了直播……没了250水晶。,亏了一个汉娜，却省了30水晶,反向想想还赚了30水晶,[滑稽][滑稽][滑稽][doge][doge][doge]"
"风雅直人","男","无IP","444936","6","","10000","8","10","小哑主持风格总是太过一板一眼、僵硬，没有根据实际情况调整。总体出来的感觉就会很尬，希望能好好的提升下吧[捂脸]"
"重生之我还是牛马","保密","无IP","33422031","6","黄绿合战5th","10000","4","","直播前：削暴食，律者直接超限专属，米哈游死扑街。,直播后：暴食？超限专属？什么东西？我不记得了。[doge]"
"愿天佑我的小公主","保密","无IP","13493720","6","绯赤艾莉欧","10000","4","","[大哭]没看直播血亏啊啊啊啊啊典典"
"rubisのhibiki","保密","无IP","5699905","6","还有醒着的么","10000","4","","一个版本一个剧情挺好的，像以前几个版本一个剧情，我不知道什么时候才到18章"
"不灭的沙尼亚特","男","无IP","43797056","6","初音未来13周年","10000","4","10","没有看直播我错过一个亿啊！[大哭]"
"PapipiPopaPo","保密","无IP","4793065","6","","10000","4","","封面最左边的妹子怎么笑得跟野兽前辈一样啊[妙啊][妙啊]"
"断念残离","保密","无IP","37625215","6","","10000","4","","因为芽衣的离去，琪亚娜也说了“我什么都做不到”然后去获得了更强大的力量，幽兰黛尔发现自己的真实身份，心里突然觉得对琪亚娜的努力感动同情，决定跟琪亚娜一起找芽衣，再替琪亚娜分担大部分的崩坏能，以防在琪亚娜找到芽衣之前就暴毙我们只能先考虑好当前，却永远不知道后续"
"Hangol","保密","无IP","313735167","5","","10000","4","","我是早起来看的[滑稽]"
"卡萝尔佩铂","保密","无IP","103073295","5","","10000","4","3","看不起谁呢，12点再发！！[doge][doge]"
"obsolete_omotcha","保密","无IP","482617878","6","夏诺雅","10000","5","","早上好"
"L儿喧嚣","男","无IP","514475624","5","","10000","3","6","前来看病娇[脱单doge]"
"DHH事务所","保密","无IP","514973541","5","","10000","3","","正式服几号实装啊? 等不及了"
"酒酋西","保密","无IP","241330260","6","","10000","3","","还我贝贝龙[大哭]"
"都怪安宥真","男","无IP","282803387","6","","10000","3","","评论里面注意素质b站优秀品质不能忘了不要攻击长相行不行"
"snd1778","保密","无IP","277434181","2","","10000","3","","典典好可爱啊"
"贰仙桥大爷-","保密","无IP","27554512","6","","10000","3","","有机会驾驶初号机吗？[doge]我想拿天父打初号机[doge]"
"铭朝星的散潮者","保密","无IP","51670082","6","崩坏3・天穹流星","10000","3","","诸君，请随我观看！"
"夏娜缇","保密","无IP","36163808","6","","10000","3","5","看不起谁呢？反正我睡了。"
"她剪短发并不好看","男","无IP","262980516","5","","10000","3","","在晚两小时发[抠鼻]"
"碎花裙柠柠","女","江苏","400179462","5","","10000","3","","芽衣退出世界蛇前来考试[脱单doge]"
"暗裔剑魔阿托","保密","无IP","52800602","6","","10000","4","","老婆们不要打了[doge]"
"bili_314178145","保密","无IP","314178145","6","","10000","4","10","都早上来还晚上好呢?"
"阑谣","保密","无IP","177970014","5","崩坏3・天穹流星","10000","2","","突然觉得典典卤蛋头更好看[doge]"
"点量小星星","男","无IP","837736","6","","10000","2","","陶典声音好甜啊"
"蔚愕愕","男","无IP","3179260","6","露早GOGO收藏集","10000","2","","直播完当天都不能领水晶，真的扣的没话说。"
"崩坏的八重火垣","男","无IP","69202338","5","","10000","2","","三蹦子配音双女神（个人意见）"
"雨のr","男","无IP","30551461","6","","10000","2","","崩坏三联动新世纪，战双联动尼尔,我死了，感谢友商，做出的贡献"
"柯先生和哀小姐","保密","无IP","46967540","6","公主连结凯露","10000","2","","菊花花这名字的位置就很到位"
"星穹杉","男","无IP","242523765","5","","10000","2","8","啥时候能看到花玲和Hanser"
"克里斯滕的群星","保密","无IP","24312403","6","","10000","2","","啥时候更新唉，我就是为了那个踩高跟的女人[抠鼻]"
"跃金鳞","男","无IP","30669333","6","炎炎消防队","10000","2","","天父：谢谢，已经1000%了"
"Kakera欠片","男","无IP","4624883","6","少前小剧场","10000","2","","到底是一个人走错了直播间还是两个人走错了直播间"
"沙耶的果冻","保密","无IP","251849","6","","10000","2","","腿 环 3"
"噬蕉小萝粒","男","无IP","24237117","6","初音未来13周年","10000","2","","这波啊，这波是圆桌会议[doge]"
"胡堂主h","男","无IP","33043593","5","","10000","2","","小哑！[喜欢][打call][打call][打call]"
"背负着德莉傻的犹大","保密","无IP","277403833","6","","10000","2","","渡鸦，你能在舰桥上表演一下那个吗？就是那个渡鸦三件套[星星眼]"
"绷绷炸弹不不可","保密","无IP","51287785","6","","10000","2","","我什么都做不到[大笑][大笑][大笑]哈哈哈哈哈哈"
"姆Q的小书","男","无IP","81995","6","格兰芬多","10000","2","","[崩坏3_糖葫芦]大型直播“互掐脖子”"
"小跳跳虎王","保密","无IP","76403244","6","","10000","2","","希望下次直播能有低画质，网不行的时候原画真的顶不住"
"懒软散","保密","无IP","528907691","5","","10000","2","","这个芽衣笑的好像拉狗【doge】"
"skl丿gold","男","无IP","8023049","6","崩坏3・天穹流星","10000","2","","所以一年一次的武器找回安排一下啊[tv_doge]"
"空前^後","男","无IP","283847306","6","崩坏3・天穹流星","10000","2","","老爹说过，，，要用律者打败律者"
"东方_丈助","男","无IP","55780716","6","崩坏3・天穹流星","10000","2","","芽衣什么都做不到（）,舰长什么都做不到（）[大哭]"
"cccys99","男","无IP","39794385","6","","10000","2","","是不是冰律要出现了，然后芽衣去打冰律"
"蚂蚁怒吼","保密","无IP","237264759","5","","10000","2","","这是开启色诱之术了吗？"
"pocta","保密","无IP","227003484","5","hanser","10000","2","","我在这里等一个课代表，蹲到了插我一刀"
"Ml","男","无IP","249460900","5","","10000","2","","什么时候也让最后一个什么都做不到的人风光一回[笑哭][笑哭][笑哭][笑哭][笑哭][笑哭]"
"冷门佳作","保密","无IP","13290158","6","","10000","2","","零食礼包填写地址的网站，我B服帐号登录不了是怎么回事？只能官服的才登录？"
"待霜寒","女","无IP","35210456","6","初音未来13周年","10000","2","5","何迫鸦[吃瓜],我的小岛！！！！"
"插头不喜欢吃醋","男","无IP","121344809","6","崩坏3・天穹流星","10000","2","","瞧不起谁？你怎么不三点发"
"明夜一","保密","无IP","238704622","5","","10000","2","","客户端优化是真的有必要，之前游戏要下载两次才能玩，关键在游戏里下载不仅费电，速度还慢，下载客户端十几二十兆，下载资源最多三四兆，手机只能啥也不干，放那挂着。"
"夙舛君な","男","无IP","56313101","6","","10000","2","","芽衣、琪亚娜"
"稚忻Ss","男","无IP","5635838","6","花园花玲头像框","10000","2","","看不起谁呢，再晚点[阴险]"
"紫薯淑叔酥","男","无IP","44466887","6","","10000","2","","终于见到典典和菊fafa还有小哑同台竞技了[哦呼]"
"七日华","保密","无IP","172953895","6","洛天依・最美的夜","10000","2","5","早上好，，，还没睡呢[doge]"
"我翱圃辖","保密","无IP","349483797","6","","10000","2","","[doge]"
"妮姬_子","保密","四川","289995868","5","","10000","2","","真好啊 那个时候"
"黑猫动漫社b","保密","广东","486030317","5","","10000","2","","考古了，家人们[藏狐]"
"失心病患者","保密","无IP","21193598","5","","10000","2","","5.4时期回来看点点有头发的样子。[崩坏3_划水]"
"玄幻天凡","男","无IP","297628786","6","","10000","3","4","这是我登上战舰那一天看到的宣传视频, 就是这一跃而下的镜头深深吸引着我的眼睛. 现在他变了变得陌生而又疏远, 没有，当时我在所有游戏中看到他那种感觉了。但是我不知道该说些什么, 人都是会变的，何况是一个游戏, 一个四年老玩家。游戏名称，玄幻天。应用宝服和国服一区"
"符华上仙の冰镇糯米茶","女","无IP","95667927","5","星座系列：双鱼座","10000","3","3","这么个性的高跷，怎么给我拔下来了[doge]"
"GG-国王","保密","无IP","94665100","6","","10000","3","","把我的高跷还给我"
"璃茉星辰000","女","无IP","607998691","5","","10000","3","1","典典声音好独特，清脆好听啊"
"安知碌为何所求","男","无IP","351654753","6","2021拜年纪","10000","3","9","戴口罩啊喂！"
"hdbdhdjsh","保密","无IP","43216798","6","良辰美景・不问天","10000","3","","其实我比较在意真琪安娜是不是被编剧遗忘了[思考]"
"社恐已出院","男","无IP","298720097","5","","10000","3","","拿我刀来，果然，就是你吧[阴险]"
"孤独的维度行者","男","无IP","407426501","5","","10000","2","","经典[tv_doge]"
"_Bo良Ki影","男","广东","8058772","6","","10000","3","","什么时候再请cv直播版本更新啊、老是那几个看着真尬[热]"
"月色真美只因有你","男","无IP","50032670","6","神SMea","10000","3","","我就想问:姬子和丽塔啥时候复活，为了她们，我已经弃坑了好久了"
"梦幻联动","保密","无IP","351859018","5","纳米核心","10000","1","","39：12秒看腿环"
"爱心龟","男","无IP","292025319","6","","10000","1","","战双联动尼尔，崩坏联动EVA，这也tei爽了吧[打call]"
"水镜无白","女","无IP","202530304","6","2233幻星集","10000","1","","出货了，一发就出了，哈哈哈哈哈哈哈哈哈，我永远喜欢崩坏三"
"裂-瞳","男","无IP","20112795","6","崩坏：星穹铁道","10000","1","11","1W8水，玄学房怒草大伟十连出了雷律，其他全砸精准，贝贝龙上中，石川中，3把钥匙，一个天穹，一个极夜。,能氪金之后买了一个258精准礼包和198精准礼包，一个极夜一个龙中。,总之毕业了还不错"
"裂-瞳","男","无IP","20112795","6","崩坏：星穹铁道","10000","1","11","雷律毕业，前来还愿[滑稽]"
"幽L凛幻舞","男","无IP","381494740","5","","10000","1","7","为什么雷律的声音还没有鬼铠的好听？就是没有空之律者那般性感~[doge]"
"余情未了hh","女","无IP","499099513","4","星座系列：处女座","10000","1","","第二次崩坏进来的人，给我点个赞"
"星星1466","男","无IP","33351373","5","","10000","1","","陶典老婆太可爱了。。。想。。。。。。。。。。。抱抱[doge]"
"L-L_La","保密","无IP","595257175","5","","10000","1","","问一下，4.1啥时候发出来"
"DIO压路机","保密","无IP","401966346","5","","10000","1","","[崩坏3_点赞][崩坏3_入欧][崩坏3_脱非][崩坏3_快乐][崩坏3_吃瓜][崩坏3_糖葫芦][崩坏3_路过][崩坏3_魔法少女][崩坏3_特效]"
"有川澄祈肆z","男","无IP","281597085","5","BW2020","10000","1","","我觉得高跷留着好一点啊，没了感觉有点奇怪了"
"快乐的肖恩","男","无IP","17968592","6","","10000","1","","wdnmd这终结技也太可怕了[热词系列_三连]"
"战争之境","男","无IP","67805158","6","","10000","1","","真心建议崩坏3出个补签系统[无语]"
"博博帽","男","无IP","19624536","6","2233幻星集","10000","1","","没有bgm，是米忽悠直播味了"
"_Bo良Ki影","男","无IP","8058772","6","","10000","1","","啊啊啊啊啊啊、直播没赶上、还好有录播、果然有声优加入直播间会欢乐很多"
"老味道了","男","无IP","516286563","5","","10000","1","","除了芽衣以外，我最喜欢见长啦！"
"祈梦心雨","男","无IP","93465697","5","","10000","1","","道理我都懂，但是为什么雷律会穿高跟鞋？就尼玛的离谱[疑惑][疑惑]"
"傲世穹宇","保密","无IP","35143902","5","","10000","1","","高跷没了"
"雨落小冷","男","无IP","390812701","6","","10000","1","","雷律是有了，什么时候安排下女装奥托？[doge]"
"冰封飞猪","保密","无IP","398994912","6","","10000","1","5","菊花花，典典，小哑[打call][打call][打call]"
"风水水水风","保密","无IP","327886479","6","","10000","1","","水晶验证码过期的排个队[呆]"
"沐子欣1","保密","无IP","144644514","5","","10000","1","","冰律。。。。[笑哭][笑哭]那板鸭算什么？？？"
"老Dark鸽","男","无IP","6370641","6","","10000","1","","崩坏3pc端领零食的地址填写页面打不开，谁知道预计什么时候会修复啊"
"-蔚蓝之空-","女","无IP","474462616","4","","10000","1","","我的250氵[大哭][大哭][大哭][大哭][大哭][大哭]"
"忘炉银河","保密","无IP","410543475","5","","10000","1","","崩坏3x趣多多！什么时候可以买？"
"涯木迎","男","无IP","401948944","5","崩坏3・天穹流星","10000","1","","大大，什么时候可以更新4.1啊"
"style星域","保密","无IP","21362163","6","","10000","1","","后崩和主线一致的话，这样看来芽衣就算是律者也会老的喽？[tv_黑人问号]"
"我不是2刺螈","男","无IP","448242280","6","斗破苍穹","10000","1","21","上了个舰长，希望雷律不保底[保佑]"
"蓝莓辣酱","男","无IP","116043986","5","","10000","1","","芽衣的零食箱领取不了什么问题  两个b服的账号都是显示账号错误不能领取"
"老味道了","男","无IP","516286563","5","","10000","1","","两个漂亮妹妹可还行，小娅太谦虚了"
"故事与咖啡","保密","无IP","100377580","6","","10000","1","7","放pv送的潮流化型老师[笑哭][笑哭][笑哭]"
"花妈17岁","女","无IP","351717938","6","","10000","1","8","爆裂菊还是好看啊"
"赤鱿的咸鱼帝王","保密","无IP","405541306","6","","10000","1","","期待，真心期待eva联动，我觉得这波联动和其他的eva联动手游肯定不是一个水准"
"yako夜语_","保密","无IP","399414930","5","","10000","1","","冰律上不上舰我不知道反正卡莲的舞伴是说定了"
"TDH1963","男","无IP","235018366","6","星座系列：处女座","10000","1","3","我在这里打个赌[滑稽]夏活勿忘的新皮肤的PV以HOYO-MIX的“风格”肯定用月轮的「血月魔影」的BGM[妙啊]奶错了挖坟[妙啊]"
"吃一记超级头槌","男","无IP","26211632","6","","10000","1","","6362  662[哦呼]"
"Fish余心","男","无IP","25150755","6","","10000","1","","符华:律者？B装完还是一样被我[热词系列_锤]"
"60938014051_bili","男","无IP","403024015","5","","10000","1","","给我们发糖(x ) ,通知各位舰长继续肝其他律者（√）,砍黄毛用什么武器好？神之键！[OK][OK]"
"屑醉","女","无IP","72638733","6","","10000","1","","米～忽～悠～～～,下个新角色考虑下杏大爷吧～,一点点就好就亿点点！！"
"Z","保密","无IP","508518304","5","","10000","1","","我要被爱酱盯上[大哭]"
"浅上稳","女","无IP","85344691","6","三周年恋曲","10000","1","","ohhhhhhh伏特加女孩活动！！！[打call]"
"雾子不行啊","男","无IP","95406784","6","","10000","1","","谁要看女人啊，我要看大伟哥[滑稽][滑稽][滑稽]"
"舰长凯拉k","保密","无IP","512629479","4","","10000","1","","有点像怪物猎人的新出怪物锤爆以前的怪物[吃瓜]"
"每天都要笑cc","保密","无IP","346170323","5","","10000","1","","大哥们新手的定义是多少级"
"Sido茹","保密","无IP","25455758","5","","10000","1","","感觉菊花花像琪亚娜，陶典像芽衣"
"最近还好哟","男","无IP","73398423","5","","10000","1","","能不能增加一下宿舍的存在感啊，自从宿舍锻炼经验没了我都没怎么进过宿舍了。"
"秋饕堵","保密","无IP","85915536","6","","10000","1","","EVA联动，我天父终于能100%了？我阿拉哈托终于能出场了？[吃瓜][doge]"
"花畔月青胧","保密","无IP","218806387","6","","10000","1","","尼玛百合好好磕啊啊啊啊啊啊"
"夜零寒","保密","无IP","13256883","6","","10000","1","","话说，如果天父不能开，那天命总部的开放世界就没意思了[捂脸][捂脸][捂脸][捂脸]"
"四月的ask","保密","无IP","11284647","6","","10000","1","2","昨天错过联动画面，这次来补上。"
"就像豆子裹在豆荚里","男","无IP","3341203","6","","10000","1","","又错过兑换码啦"
"小怪兽-小樱花","保密","无IP","431286476","5","刺客伍六七","10000","1","","御三家"
"呵呵sfh","保密","无IP","192053700","6","","10000","1","","屯屯屯"
"正规空母丶加贺","保密","无IP","383148070","6","","10000","1","","又联动eva……[热词系列_希望没事]"
"璃茉星辰000","女","无IP","607998691","5","","10000","1","1","菊花花配音越来越棒了，贼有感情，专业"
"璃茉星辰000","女","无IP","607998691","5","","10000","1","1","我爱菊花花与陶典姐姐"
"一个不小昕","男","无IP","7257180","6","","10000","1","","等会儿，菊fafa和陶典！"
"The_O","男","无IP","19823297","6","","10000","1","","这个表情，是你！先辈[滑稽]"
"TheBerrics","保密","无IP","522502021","5","","10000","1","","有大佬知道陶典的B站账号么"
"余留之烬","男","无IP","440213528","4","","10000","1","","第一个琪亚娜活动圣痕有没有返场"
"g呢喃y方便后续w","男","无IP","17423600","6","橘猫挂件","10000","1","8","(=ω=)"
"狸猫千鹏","男","无IP","116511080","6","","10000","1","","[热词系列_问号]"
"四月遇友人","男","无IP","65203796","6","","10000","1","","先放个考哥在这里[妙啊]"
"逐火英桀第二位","保密","无IP","266725458","5","少女前线","10000","1","","好活"
"狐妖竹叶","保密","无IP","391999877","4","","10000","1","","崩坏三的第一次与三次元的联动"
"卖卖女孩D小火柴","男","无IP","295034078","6","","10000","1","","没有人比我懂崩坏"
"时琦狂三殿下","保密","无IP","179310751","6","原神","10000","1","9","啊啊～完全忘了昨晚的直播[笑哭][笑哭][笑哭][笑哭]"
"雨宫发发","女","无IP","1112953","6","BML2020暗黑版","10000","1","","同款lo"
"一木哲子","保密","无IP","31230247","6","","10000","1","","等下，小哑给谁配的来着。。"
"长门有些萌","保密","无IP","44255140","6","","10000","1","","我特喵的好烦啊 我记错时间了 以为今天才是3号[笑哭][笑哭][笑哭]"
"无糖的蘑菇面包","男","无IP","179401447","6","初音未来13周年","10000","1","","水晶兑换码过期就很难受"
"劫灭无烬","保密","无IP","381842894","5","","10000","1","","[热词系列_知识增加]"
"-曹-丞-相-","保密","无IP","162998102","5","三周年恋曲","10000","1","","大佬们，观星皮肤以后返场的价格是多少？还是礼包币吗"
"哈米三三","保密","无IP","574929","6","","10000","1","","早起在于崩坏？"
"小丑学长-","男","无IP","268146859","5","国民老公带回家","10000","1","","我的60氵呢[抠鼻]"
"创世孔明ぃ","女","无IP","316387588","6","萌妻食神","10000","1","","老干妈团队前来围观[doge]"
"天雾夕月","保密","无IP","25690862","6","","10000","1","","eva eva"
"小尹尹尹尹呀","男","无IP","27584871","6","","10000","1","","刚熬夜打完剧情回来翻b站就发现更新了[鼓掌][鼓掌]"
"希儿单推人","保密","无IP","325510488","5","星座系列：摩羯座","10000","1","","兑换码是什么呀"
"I吃货萌萌哒I","保密","无IP","318299127","5","欧皇","10000","1","10","[星星眼]"
"枭獍SAMA","保密","无IP","1388619","6","","10000","1","4","你们别打啦 (*°°*)八(*°°*)"
"肆叁--","保密","无IP","253657669","6","hanser","10000","1","","瞧不起谁，晚点发"
"李姥姥的猫","男","无IP","16592243","6","","10000","1","","黑希:我是双子的皮肤??"
"圆月狗都不用","保密","无IP","62650558","6","拜年祭粉丝专鼠","10000","1","","你们官方还不睡。"
"你病得不轻","男","无IP","155160040","6","","10000","1","8","这么早？[热词系列_知识增加]"
"拖鞋帮主张兮兮","男","无IP","223613914","6","","10000","1","11","送太刀爱了爱了[doge]雷律冲冲冲！"
"我是以治万邦","男","无IP","361068285","6","","10000","1","","晚上好（只要我不睡觉就一直是晚上）[tv_doge]"
"能躺就躺1010","男","无IP","195503149","5","崩坏3・天穹流星","10000","1","","太早了"
"没节操的小孩","男","无IP","4583498","6","雪未来","10000","1","","看不起我这个点发"
"幻晨凌","男","无IP","381677739","5","雪未来","10000","1","","早上好"
"账号已注销","保密","广东","3494374124030806","0","","5000","1","","律化希前来考古"
"杨枝甘露poi","保密","山东","229868165","5","2233幻星集","10000","1","","哈哈哈"
"双马尾妹子控","保密","无IP","46432008","6","","10000","2","","在《崩坏3》后续的更新中，制作组将竭尽全力去避免直接改动已经存在的装备，角色，游戏机制等游戏内容。如果必须调整改动，制作组将经过内部讨论确定调整和处理方案，测试服上线测试，测试服反馈收集，后续处理措施和意见征集的流程，直到准备好合理的后续处理措施才会决定将对应调整上线。否则，绝不随意改动已有的游戏内容。,新年伊始，制作组将以最高的要求和最大的努力做出更多更好的游戏内容。,努力成为舰长喜欢的样子，才是《崩坏3》的最终目标。希望舰长能够一直陪伴着我们。"
"hlwapu","保密","无IP","440453153","5","","10000","2","","的水晶都用来抽家园补给了，还有六次就能得s了，现在出这么酷的角色，还是零氪党，好生气，所以不三连了"
"暗夜猫女","男","无IP","6115125","6","希萝Hiiro","10000","2","","我刚才好像接到了德丽莎的电话了[妙啊]"
"赛博黑洞会喷射信息吗","女","无IP","52658139","6","","10000","2","","游戏策划交流群,崩崩崩策划：看爷弄的那一手牛不牛逼？全给整律化了,其他游戏策划：牛逼牛逼,方舟策划：我安排的爱国者父女双双去世也很带劲对吧,其他游戏策划：带劲带劲,崩崩崩和方舟策划：战双啊，你现在也是有头有脸了，什么时候整死两个？"
"絮雨-孤寒峭","保密","无IP","15622307","6","","10000","2","","香肩何太急？[热词系列_猛男必看]"
"l遣月岚","男","无IP","41027842","6","","10000","2","","我愿称之为有史以来最强版本直播不过分吧"
"君落狱","保密","无IP","12051813","6","三周年恋曲","10000","2","","ch怎么直播都不敢自己上来了[阴险]"
"Nightmare浮生惊梦","保密","无IP","258109573","5","","10000","2","4","所以，舰长什么时候向世界蛇宣战[tv_生气][tv_生气]"
"大爱我阿酱","保密","无IP","14442054","6","梦塔・雪谜城","10000","2","","能不能把高跷给我加回来，少点感觉，少点气势[大哭]"
"秦心派蒙","男","无IP","2484598","6","hanser","10000","2","10","潮流发型编剧和小哑的衣服[doge]"
"是你的正先生","保密","江苏","439327053","5","","10000","1","","[doge][脱单doge]"
"天空舞さん","男","无IP","384698520","5","","10000","1","","[原神_喝茶]"
"Chi咔","保密","无IP","107929292","6","","10000","1","11","来了"
"太虚山赌神","保密","无IP","470648751","5","","10000","4","","有一说一，现在的琪亚娜真是废物，好不容易有点进步丢个精光，三核被单核吊打，这么长时间一点成长没有，让人看着窝火，哀其不幸，怒其不争"
"慵懒的云初","保密","无IP","291605590","5","2021拜年纪活动专属","10000","1","","如果现在的琪亚娜是K423（琪亚娜和西琳基因），那真的琪亚娜在哪？"
"啵啵啵-博格达的橘猫","女","无IP","23540029","6","","10000","1","","德莉莎什么时候律化！！！我天下第一可爱的德莉莎！"
"叨麻右手","保密","无IP","498172985","5","","10000","1","","6萨6娅，66娅"
"寰宇苍魂","保密","无IP","400386907","5","初音未来13周年","10000","1","","律三家加呆鹅凯文，[热词系列_危] 五律 [热词系列_危]"
"鸵鸟大爷","保密","无IP","13459056","5","大会员5周年","10000","1","","我是问问题的，第一几月几日4.1。第二一次十连出雷，两次十连武器圣痕拿到手行吗？千万别告诉我不行"
"欣雨铃兰","保密","无IP","7221172","6","hanser","10000","1","","在，放错兑换码为什么不给60氵[热词系列_知识增加]"
"半夏-流年殇","男","无IP","81292772","6","明日方舟音律系列","10000","1","4","早起的鸟儿有录播看，殊不知是通完宵的鸟儿看过的[吃瓜]"
"匿名区管理员","保密","湖北","204704","6","","10000","2","","6.4版本回来考古，我希望阿鸡老师你还记得当初说的话,“我们御三家红黄蓝三色的印象图，我们做律者的时候也是根据红黄蓝三色做基础印象”，现在除了你负责的真理，始源终焉直接背弃这个设定？"
"躲在天台的小汤圆","保密","无IP","28281542","6","乃琳Queen","10000","1","9","这个点发你以为就能夺得首页冠军了？年轻"
"今天也没找到笔","保密","无IP","17480556","6","","10000","0","","69:00"
"某柯学的伊蕾娜","保密","无IP","627250323","5","星座系列：摩羯座","10000","0","","[热词系列_知识增加]"
"旧石新楼","女","无IP","8413155","6","","10000","0","5","菊花花拍典典大腿那段太带劲了，琪芽党嗑得好爽[喜欢]"
"琪亚娜-芽衣-姬子","保密","无IP","24113192","6","崩坏3・天穹流星","10000","0","","(ω｀)"
"春复原","保密","无IP","629693162","4","","10000","0","","有条弹幕笑死我了，快进到女人打架  掐脖子  揪头发  撕衣服[热词系列_妙啊][热词系列_不愧是你]"
"没有梦醒的人","男","无IP","234379889","6","雪未来","10000","0","","37：45"
"快点出崩落符华","保密","无IP","272997823","6","","10000","0","","[doge]"
"苏蒂娜","女","无IP","1456773","6","原神","10000","0","2","来考古了，EVA联动终于出了"
"破军BAHl","男","无IP","87115496","6","","10000","0","","10:10时"
"江淀羽","保密","无IP","74456154","6","","10000","0","","许多舰长时不时来感恩戴德"
"培养罐","保密","无IP","37079869","6","不吉波普不笑","10000","0","","[崩坏3_糖葫芦]"
"今枝也","保密","无IP","142298773","5","","10000","0","","eva联动给我gkd！！！"
"钢铁良叔","男","无IP","33357827","6","","10000","0","","《崩坏3》雷之律者降临，登录即领5张扩充补给卡、4星太刀自选箱、莉莉娅夏装等奖励！回归舰长填写召回码：2IMQPV 额外领取128水晶，详戳：https://webstatic.mihoyo.com/bh3/event/e20200709return/index.html?picnum=1&code=2IMQPV&office=0#/share"
"某不当红不知名小生","男","无IP","291960214","5","#EveOneCat","10000","0","","在？录播能不能也发点兑换码？"
"Akame-H","男","无IP","12182652","6","","10000","0","","洗衣粉 词缀锁"
"沙士混阿咖酚散","保密","无IP","12895343","6","新科娘","10000","0","10","双子果然是策划指定的整活工具人[妙啊]"
"不二家兔叽","保密","无IP","5773287","6","初音未来13周年","10000","0","","问个问题，兑换码直播结束就不能用了？"
"and欢喜","男","无IP","110738760","5","","10000","0","","我想看fa花玲"
"Mahoganyの","男","无IP","26236139","6","","10000","0","","那米开朗基罗能转化为迪拉克或爱伦坡吗[思考]"
"本人无误qwer","男","无IP","404649199","6","","10000","0","","刀子 全tm是刀子[doge]"
"Devil_Trigger","保密","无IP","33389413","6","向晚大魔王","10000","0","","为什么 没！有！憨！色！[tv_发怒]"
"杰瑞扛刀去砍猫","男","无IP","399213939","5","明日方舟","10000","0","","有哪位大佬有群拉下我。。。"
"白皙木","男","无IP","101123087","6","","10000","0","","我的木屐和雷环呢？[生气][生气][生气]"
"白狐族长","男","无IP","35612993","6","2233白色情人节","10000","0","","《崩坏3》雷之律者降临，登录即领4星太刀自选箱、莉莉娅夏装、水晶等奖励！回归舰长填写召回码：2I5ZLD 额外领取128水晶，详戳：https://webstatic.mihoyo.com/bh3/event/e20200709return/index.html?picnum=0&code=2I5ZLD&office=0#/share"
"哈哈你呀","保密","无IP","6525608","6","","10000","0","","我想知道什么时候和亿滋联动？我都等不及了。"
"小憋仔","保密","无IP","23414629","6","","10000","0","","好想要个雷律 可是好不容易存的6700水晶什么都没抽到"
"幻想紫阳花","保密","无IP","448192","6","明日方舟","10000","0","","回归舰长填写召回码：1TZB9T"
"老肩聚滑","保密","无IP","37230027","6","赏樱大会欧皇","10000","0","","0ccjz7 100水晶码[呲牙]"
"一方君","男","无IP","15818141","5","","10000","0","","这怎么都没有消息，错过了。"
"Stimory丶依忆","保密","无IP","142766204","5","良辰美景・不问天","10000","0","","《崩坏3》雷之律者降临，登录即领4星太刀自选箱、莉莉娅夏装、水晶等奖励！回归舰长填写召回码：1VM346 额外领取128水晶，详戳：https://webstatic.mihoyo.com/bh3/event/e20200709return/index.html?picnum=0&code=1VM346&office=0#/share"
"丿风花雪月灬","保密","无IP","34212575","5","","10000","0","","0HVDNF"
"木蚂蚁","男","无IP","3540699","6","","10000","0","","回归大佬，拜托填了，邀请码：0HV52T"
"我双手认输好了吧","男","无IP","515981717","4","","10000","0","","不是吧，这个冲级奖励这么拉跨啊[疑惑]"
"手持银枪身披金甲","男","无IP","351960222","5","","10000","0","","19:04来了"
"路人男主的躺赢方法","男","无IP","326744286","5","","10000","0","","回归大佬帮忙填一下吧[捂眼]:2KAGU8"
"siloe-","保密","无IP","12725293","6","","10000","0","12","回归舰长填写召回码：061RSC 额外领取128水晶"
"仰看云间观星月","保密","无IP","299657600","6","","10000","0","","突然觉得芽衣有点像金木"
"接受批评_整装前行","男","无IP","32854186","6","","10000","0","6","延迟到啥时候啊，怎么我看有人说延迟到20几号，不要吓我啊？"
"蓝霉提拉米苏","男","无IP","3809578","5","少女前线","10000","0","","[doge]明示鸡子要氯化 切爆冰律"
"仰望星宇的微笑","男","无IP","327034250","5","","10000","0","","渡鸦，胡狼，灰蛇，夜枭"
"仰望星宇的微笑","男","无IP","327034250","5","","10000","0","","《空律与雷律间不得不说的事情――不为人知的小秘密所引发的相爱相杀》[吃瓜]"
"黑暗草莓圣代","男","无IP","5687511","6","","10000","0","10","版本更新可能要延迟了，再看一遍直播解馋"
"你为何这么熟练","保密","无IP","136826208","6","","10000","0","","出必还愿"
"八重樱cy","女","无IP","208085179","6","良辰美景・不问天","10000","0","","小哑姐姐，awsl抱抱，超喜欢！c(°°)ノ"
"堕氏","男","无IP","350969436","6","","10000","0","","忘记有直播了，错过了水晶兑换码[大哭]"
"三玖の老公","男","无IP","146850444","6","","10000","0","","别刀了别刀了[大哭][笑哭]"
"柳奈和","保密","无IP","52296509","6","","10000","0","","[doge]不应该花花姐"
"Element素玖","保密","无IP","29014359","6","瑰丽华服","10000","0","","求大佬发里面双子入狱照的原图呀，真的i了"
"古尔丹-于晏","男","无IP","390001601","5","","10000","0","","手臂上的角让我想到了可爱的蕾姆"
"YaeSakuraa","保密","无IP","296855924","6","夜谭舞狼","10000","0","6","许愿雷律，出必还愿！！！"
"熊饼饼2","男","无IP","36355534","6","","10000","0","","渡鸦的鞋子那么尖，怎么打枪啊？"
"熊饼饼2","男","无IP","36355534","6","","10000","0","","可以，鞋子改了！"
"新乃夜","男","无IP","33104479","6","hanser","10000","0","5","你这练直播录像都有，为什么水晶兑换码直播结束就没了？你让我们这类看录播的舰长多寒心[doge]"
"点量小星星","男","无IP","837736","6","","10000","0","","温蒂是最没排面的律者"
"冷月艾尔斯汀阿斯特蕾雅阿修道尔","保密","无IP","76962700","6","崩坏3・天穹流星","10000","0","3","我到现在才听懂，芽衣喊的是blade而不是自己的名字mei[笑哭][笑哭]当时一直想为什么芽衣发动攻击都喊自己名字[笑哭]"
"就叫雨花果吧","男","无IP","96765629","5","约战：精灵再临","10000","0","","我是个不到1100天的新手，这个新手福利有我的份吗？"
"木的对象","女","无IP","32838687","5","hanser","10000","0","3","在，何不互掐一下脖子[doge]"
"编号D0E8","男","无IP","122496123","6","","10000","0","","我什么都抽不到[笑哭]"
"蛋鲜}","男","无IP","16306257","6","碧蓝航线","10000","0","","我要高跷[大哭]"
"蛋鲜}","男","无IP","16306257","6","碧蓝航线","10000","0","","雷律的高跷呢"
"鬼绀稳_","男","无IP","29254170","6","","10000","0","","建议把游戏里面改成左手拿刀鞘"
"西红柿操鸡蛋蛋","保密","无IP","2961581","6","","10000","0","","绫波丽和明日香的战斗技能怎么设定？"
"刚刚好的奇迹","男","无IP","4256817","6","","10000","0","3","什么?冰律！要来我瑶瑶船吗?我这儿律者可多了[doge]"
"人可话不少","男","无IP","32433075","5","","10000","0","","那个我可不可以白嫖雷律呢？[doge]"
"李想是只知更鸟","女","无IP","513709425","5","","10000","0","","雷律降临送五张卡吗？[doge]"
"蓝蔷薇の言","男","无IP","52740681","6","","10000","0","","嗯。。。。"
"流光雨夜ZA","保密","无IP","66600240","5","","10000","0","","我是不是又错过水晶了。。"
"雪落寒窗一","保密","无IP","23496491","6","初音未来13周年","10000","0","","100%天父，我的天啊伙计看看我发现了什么？（天父：已经1000%了）"
"冰笑天","男","无IP","30801006","6","沈剑心","10000","0","","我就想问！！600贝要600块钱吗？？？？？？"
"w旋褴褛","男","无IP","2770948","6","","10000","0","","珊瑚色日出 深海色带鱼。。。"
"肝肝子w","女","无IP","19542205","6","崩坏3・天穹流星","10000","0","2","许愿爱酱!献祭崩3一整年欧气祝7号8号高考大捷!!!"
"琉璃Astra","保密","无IP","109043216","5","琉绮Ruki","10000","0","","许愿雷律"
"这一别或许永别","男","无IP","406937475","5","","10000","0","","舰长太难了，也就生日的时候会被想起，我太卑微了。"
"这一别或许永别","男","无IP","406937475","5","","10000","0","","雷律头上那对角和那么高的木屐是什么鬼，木屐感觉太高了不怕摔下来吗？"
"这一别或许永别","男","无IP","406937475","5","","10000","0","","我想不保底。求求你了[酸了]"
"忍--冬","保密","无IP","198344766","6","良辰美景・不问天","10000","0","","[tv_doge]"
"蛋挞丽安","女","无IP","7857179","6","","10000","0","","密 码 正 确[妙啊]"
"太虚山的赤鸢仙人","保密","无IP","446944294","5","","10000","0","","[爱心][爱心][爱心][爱心][爱心]"
"兜蕾咪","保密","无IP","66435712","6","","10000","0","","萌新刚刚入坑，看了很多同人作品和小说，非常喜欢里面的人设。但因为不太擅长动作类游戏，所以之前一直在犹豫，如今才下定决心入坑。"
"饿着手段时间","保密","无IP","272461570","5","","10000","0","","搞得像地下交易一样，真就三方碰头呗！"
"bili_473402778","保密","无IP","473402778","4","","10000","0","","平民不配上红莲"
"木哔哩哔哩熊","保密","无IP","7795820","6","","10000","0","","qsnvn5kf4fjm"
"Hello崔先生_-","男","无IP","69935538","6","","10000","0","","所以说什么时候更新呢？"
"堕氏","男","无IP","350969436","6","","10000","0","","为什么我换手机后不能分解武器了"
"酉年未月昴日","男","无IP","106146788","6","","10000","0","","我理律毕业了，请问阵容和谁搭配"
"可可可_可露希尔xr","保密","无IP","430407748","5","","10000","0","3","爱酱，能不能把这些视频和BGM都搞到游戏里啊！"
"雪a糕a","保密","无IP","26867293","6","","10000","0","17","还我，高木屐[酸了][大哭]"
"无帝h","男","无IP","161131204","5","","10000","0","","第五律者什么时候出，会不会是姬子老师"
"迷路的麒麟","男","无IP","8569971","6","","10000","0","","？ 奇怪 昨天还特意看了一下 没发现直播啊"
"丶叶子C","男","无IP","38008970","5","","10000","0","5","埋下伏笔没事。剧情刀一点也没事，只希望别刀得太过分就行了[OK]"
"白夜月映雪","保密","无IP","289215853","5","","10000","0","","我忘记看了[大哭]我的二百氵啊[大哭][大哭][大哭][大哭]"
"不要黑我首次使用","男","无IP","26236510","5","","10000","0","","赛高"
"六七零_670","保密","无IP","178021453","6","","10000","0","","许多舰长前来捧场"
"Vanalik","保密","无IP","4975260","6","","10000","0","","还我高跷"
"Btan_","男","无IP","35933607","6","圣诞节快乐","10000","0","","yy一句，假如渡鸦上舰，是不是拳套角色[doge]毕竟拳套目前只有上仙，结果就是黑核兑换的五星拳套都莫得。。。"
"账号已注销","保密","无IP","20097234","0","春季特辑・二月律动","5000","0","6","卡莲复活？"
"浅枫WDirge","保密","无IP","9559229","6","","10000","0","","有哪位大佬给我科普一下关于律者的一些设定（比如第一第二这种名次 以及名字之类的）时间太长漫画剧情也忘得差不多[笑哭]"
"紫小太郎","保密","无IP","434395182","5","","10000","0","","姬子姐姐到底什么时候再回来编剧就没提到一点吗，刀他[生气][生气][生气][嫌弃][嫌弃][嫌弃][嫌弃]"
"鸭梨吻哦丶","保密","无IP","53240860","5","","10000","0","","这直播都不在游戏公告发布吗，悄悄地整"
"豆子单推","女","无IP","350305591","5","","10000","0","","我好像夏活不用肝了，我没粉毛"
"Empire丶苍茫","保密","无IP","317169392","6","","10000","0","","好有爱[星星眼]，那个登录界面的优化我也在问卷里反应过的！（当然这肯定不止我一个人，有很多舰长应该也反应过了），真的是会认真看每一条建议的啊[OK]"
"胡玉萝卜","保密","无IP","2573876","6","","10000","0","","有没有大佬科普下 律者是怎么诞生的？"
"叨麻右手","保密","无IP","498172985","5","","10000","0","","三只美少女直播，[热词系列_爱了爱了]"
"请问你知道吗","保密","无IP","23065448","5","","10000","0","","三个女人一台戏[墨镜]"
"兔咪啾","男","无IP","431112369","5","","10000","0","","陶典木啊[喜欢]"
"御神木下君","保密","无IP","34867958","6","","10000","0","9","[崩坏3_点赞]"
"叁月橙","男","无IP","88962445","6","崩坏3・天穹流星","10000","0","","BV1rz411e7BM,昨天晚上录的bug视频"
"夜魅p描","男","无IP","29272584","6","","10000","0","","我就想知道有神秘id么"
"GolDenSiR-Studio","保密","无IP","19838508","6","初音未来13周年","10000","0","","()"
"け少女映画","男","无IP","40570394","5","","10000","0","","除了陶典我都不认识 这算不算太草了…"
"w翠玉w","保密","无IP","556997","6","","10000","0","","草履虫有芽衣，芽衣有草履虫,而我们的鸭鸭……有希儿，两个!有双子，有杏大爷，属实孤儿院院宠，后宫王，拿着男主剧本，草根逆袭[崩坏3_点赞]"
"筱田优米","保密","无IP","15184247","6","嘉然今天吃什么","10000","0","","所以暑假家园补给更新？"
"Mach9","保密","无IP","11360867","6","","10000","0","","所以冰律是在南海的珊瑚岛出现的[热词系列_知识增加]"
"KJunJ","男","无IP","281009321","5","神乐七奈","10000","0","","在哪里直播？"
"清-风","男","无IP","1844795","6","","10000","0","","我觉得有原先鞋和高跟鞋版本真的可以做成两个类似雾都的皮肤[酸了]"
"账号已注销","保密","无IP","382363016","0","黄绿合战5th","5000","0","","期待暑假崩坏三"
"浅上稳","女","无IP","85344691","6","三周年恋曲","10000","0","","害，还在暗杀名单里呢，就数这黄毛老师胆子大，被害边缘疯狂试探[doge][喜极而泣]"
"正规空母丶加贺","保密","无IP","383148070","6","","10000","0","","荔 枝 律 者不应该是板鸭嘛？(理之律者)[滑稽]"
"紫薯芋圆冰","女","无IP","360766318","6","","10000","0","8","我不该开弹幕看的，为何有人会说奥托是彭博配的，奥托明明是赵路配的音，而且还有人说冰律是德丽莎这就夸张了，pv开头的声音不像奥托啊[捂脸]"
"流泪娜","女","无IP","209542461","5","向晚大魔王","10000","0","","不会吧不会吧，崩坏3竟然联动了，爷青结"
"蕾娜Reina","男","无IP","36500497","6","2233白色情人节","10000","0","","冰八皮肤居然是这样得的"
"九泠羽言","保密","无IP","24035670","6","","10000","0","","[笑哭]量子深渊裂了"
"月揽星河入梦来","保密","无IP","181099231","5","","10000","0","2","雷律这波根本就是白变，后崩和主线一个世界，也就是说芽衣未来无论怎么做都救不了草履虫，草履虫后期必死，奥拓必死，凯文必死，布洛妮娅也可能没了，渡鸦应该上舰了"
"迨访芩拱⒉卡利斯","男","无IP","3795199","6","","10000","0","4","小哑[打call]"
"跪安吧丶朕要休息了","男","无IP","27051683","6","","10000","0","","各位大佬问一下啊，萌新已经肝出磁暴真影和妖刀真影了，玉石了。这个4星刀自选应该选什么？"
"藕安邦","女","无IP","399554109","3","","10000","0","","QSNVN5KF4FJM"
"过桥米线豆瓣酱","男","无IP","37520670","6","","10000","0","","什么时候和老干妈联动？"
"等等党永远不会亏","保密","无IP","343565723","5","","10000","0","","心情突然好起来了。"
"等等党永远不会亏","保密","无IP","343565723","5","","10000","0","","冰之律者是元素的了。"
"等等党永远不会亏","保密","无IP","343565723","5","","10000","0","","甜死人了。"
"等等党永远不会亏","保密","无IP","343565723","5","","10000","0","","哦，来了，来了。配音都来了。"
"葡萄皮是嘛","男","无IP","14723611","6","","10000","0","","看个 录播成功给我带回舰桥了"
"涯涯子丶","保密","无IP","23384251","6","","10000","0","","还我木屐 ！"
"聪明人才能看见的猪崽","保密","无IP","34557913","5","","10000","0","","希望能适配一下iOS能够使用xbox one"
"神河凌梦","女","无IP","215094321","4","","10000","0","","QSNVN5KF4FJM"
"鹄d芝","保密","无IP","232392505","5","","10000","0","","布洛妮娅的配音呢？"
"鹄d芝","保密","无IP","232392505","5","","10000","0","","真是传统尬聊"
"Kiana-酱","保密","无IP","30133415","6","崩坏3・天穹流星","10000","0","2","是陶典 awsl[崩坏3_快乐]"
"羽虞不与鱼","保密","无IP","269199583","5","","10000","0","","今天也是错过氵的一天(△｀)"
"木讷的阿蓠","保密","无IP","476489021","5","","10000","0","","最近什么时候要直播  游戏里都没公告   要不是关注弹了个动态出来都完全不知道崩坏3的新版本直播居然都已经直播完了  害我还在傻傻的等新版本的直播  差评  希望以后的直播能像以前一样在游戏里弹个公告让人知道一下直播时间   最后再说一句  我的氵[大哭]大号氵不够抽雷律了"
"唯你夏意渐深","男","无IP","37529838","6","","10000","0","","话说  漫画还有新的篇章么"
"账号已注销","保密","无IP","1675381","0","","5000","0","","每次都要从新下载所有资源？ 就和傻子一样  睿智更新方式[吐]"
"-R猴酒-","男","无IP","30804645","6","EveOneCat2","10000","0","","这次直播有奖励吗？我又忘看直播了[大哭][大哭]"
"悱de梦","男","无IP","39950059","6","","10000","0","","没时间看直播了就来个这个，针对我吧[大哭]"
"神m司玉藻です","男","无IP","23344037","6","崩坏3・天穹流星","10000","0","7","新人舰长专属福利，新人舰长是怎么划分的，按等级吗？"
"交响诗篇7","保密","无IP","21827580","5","","10000","0","","3坦"
"初中音乐教师赵赫","男","无IP","6562210","6","","10000","0","9","七年了，蔡总的愿望终于实现了一部分，米哈游终于能和EVA联动了！我也非常激动，竟然能看到这一天！一切开始的缘由来了！（虽然是高度商业化的ROE）"
"心中的爱莉希雅","保密","无IP","28229385","6","","10000","0","","猜测冰之律者有可能是那个渡鸦身边小女孩"
"菠菠的波波","保密","无IP","93924975","5","","10000","0","","联动内容，武器：朗基努斯枪，圣痕：零号，初号，二号[doge][doge][doge]"
"虚幻梦途","男","无IP","178633180","6","汉化日记","10000","0","","天父100%怎么够？天父的实力是天命神机的森帕森多[吃瓜]"
"沉溺音调","男","无IP","187484","6","","10000","0","","红黄蓝，三幻神！"
"代号-X","男","无IP","47379501","5","汉化日记","10000","0","","本来昨天中午看公告是声优直播准备看直播的  结果短片一看  下午大镖客2一玩给忘了  血亏250水"
"霞影沙A","保密","无IP","77654812","6","春原庄的管理人小姐","10000","0","4","联动eva？能不能整一个第一人称驾驶机甲？[OK][OK][OK][OK]"
"求求让我换个名字吧","女","无IP","103766628","6","良辰美景・不问天","10000","0","","所以40.1什么时候更？"
"i猫猫天下第一i","男","无IP","26853257","6","碧蓝航线","10000","0","","听说和eva联动了？！"
"F谙予桉莳恩","保密","无IP","54720312","5","","10000","0","10","联动eva？"
"雷电影人柱力","女","无IP","277626028","5","","10000","0","","81哭了"
"阿酉TAKASDK","男","无IP","34333165","6","","10000","0","","请问我们舰长还有闲多久啊？任何剧情都不粘边"
"越谷小擦","男","无IP","41446001","6","","10000","0","1","啊？渡鸦要出女武神啊？"
"良人丶l","保密","无IP","16471304","6","刺客伍六七","10000","0","6","我星石呢[笑哭]"
"散兵的狗嗷","女","无IP","488101176","5","","10000","0","","QSNVN5KF4FJM"
"Kazuo丶","保密","无IP","210055348","6","崩坏3・天穹流星","10000","0","6","冰卡浓姬打群大于皮里，单挑皮里大于浓姬"
"待会儿去码头弄点薯条","保密","无IP","51181038","6","","10000","0","","强烈拒绝换鞋"
"都怪安宥真","男","无IP","282803387","6","","10000","0","","我什么都做不到"
"乔丹来了也不行","保密","无IP","12214237","6","嘉然今天吃什么","10000","0","","为什么是720p [思考]"
"二贱萌","男","无IP","11148260","6","至尊戒","10000","0","","我有比基尼，我有比基尼，我有比基尼重要事情说三遍[doge]"
"永远亭_蓬莱山辉夜","保密","无IP","441044671","5","明日方舟","10000","0","","在？碇真嗣啥时候来呀？[滑稽][滑稽]"
"看番很有意思","保密","无IP","272130136","6","斗破苍穹","10000","0","","错过直播了，我以为又是两个糙汉子"
"皮良缺三点","保密","无IP","25254221","6","","10000","0","1","空中劈叉，一刀鸟断[微笑]"
"花下的猫","保密","无IP","99829399","5","少女前线","10000","0","","不是吧，阿sir   画质太低了[doge]"
"慵懒的呱","男","无IP","9273307","6","","10000","0","","天父不造造初号机？[疑惑]"
"v生疏","保密","无IP","59235318","4","","10000","0","","陶典典B站有号吗？有的话分享一下"
"琦琦琦神兽","男","无IP","73510901","6","","10000","0","","互掐脖子的是不是有点过分了[]"
"梦在","男","无IP","97784501","5","泠鸢yousa登门喜鹊","10000","0","","问一下一万一水能拿到小八皮肤吗"
"吃我一发无敌的喵喵拳","保密","无IP","63942312","5","原神","10000","0","","什么时候能自选个律者就好了"
"日御也","保密","无IP","15220999","6","","10000","0","","那个档案里有MEI的名字[热词系列_知识增加]"
"不知道取啥名的雪落","保密","无IP","39735276","6","","10000","0","","又错过直播，还以为下周，250水没了[]"
"朽木彤","女","无IP","3478642","6","","10000","0","","联动的话。想看琪亚娜穿绫波丽的衣服。[大哭]"
"是砚柒啊","保密","无IP","398106449","5","","10000","0","","QSNVN5KF4FJM"
"不二君_1915","保密","无IP","180329421","5","","10000","0","","退换码3呢？60水自觉点[OK]"
"逆熵404","保密","无IP","86628217","5","","10000","0","","版本更新后回归舰长还送卡，酸了。"
"不等式定律","女","无IP","29639617","6","","10000","0","","活动一般，皮肤还是冷门的"
"DissipatorB","保密","无IP","10515151","6","","10000","0","","刀谁？说话[热词系列_张三]"
"阿太太太鸭","男","无IP","25425470","6","","10000","0","","是陶典小姐姐和菊花花?!"
"苍穹哪茄子","男","无IP","25335230","6","至尊戒","10000","0","","靠刀片发家致富？[doge]"
"锦鲤抄啊抄","保密","无IP","2326539","6","","10000","0","","快出EVA，劳资要充钱！"
"昔日棉棉","男","无IP","139161990","6","","10000","0","","芽衣八年后还是天命的仔"
"霁之初","保密","无IP","151193193","5","原神","10000","0","","别再说有火影那味了，这完全就是芽衣单方面暴揍琪亚娜，人家佐助和鸣人在天台上是打的势均力敌的，而且佐助离开的原因是为了守护鸣人？完全不一样好吗，是不是只要两个人打起来就有火影元素？我也是服"
"进击的手雷","男","无IP","27800217","6","双生视界・花嫁","10000","0","4","忘记看直播了，250氵没了[大哭]"
"Adams09","保密","无IP","13915477","6","","10000","0","","太硬霸了[doge]"
"这辈子不单推","男","无IP","355109767","6","战双帕弥什","10000","0","","55：06崩三吃播梅开二度"
"曜拥男】喙","保密","无IP","5673096","6","","10000","0","","可恶又忘了直播，又错过一个亿[大哭]"
"某双料高级特工","保密","无IP","406300367","5","","10000","0","","亿人血书求雷律光环改回来"
"坏病","保密","无IP","87334231","6","","10000","0","2","菊花花喊奶够翘36分45"
"大大大大帅哥么么哒","保密","无IP","418232583","5","","10000","0","","Qsnvn"
"进击のSaber酱","保密","无IP","19153832","6","","10000","0","","我永远单推陶典典[鼓掌]"
"咸鱼魏酒","保密","无IP","81531706","6","","10000","0","","直播事故[doge]"
"双倍快乐卡","男","无IP","31949960","5","星座系列：水瓶座","10000","0","","现在更新还要不要重下资源啊，有点想回坑，还要的话当我没说[微笑]"
"闪耀于终焉之鱼","保密","无IP","34502413","5","","10000","0","","怎么只有720p[思考]"
"超级无敌识宝","男","无IP","268553932","6","","10000","0","","兑换码，怎么不能用啊？"
"sofinform","男","无IP","80815184","6","","10000","0","","将来姬子变炎律回归打破平衡，最后还是会在一起的[蛆音娘_卖萌]"
"倾云出月","保密","无IP","203451795","6","墨清弦2nd生日纪念","10000","0","","女王的配音演员是谁呢？还是陶典吗？"
"吾乃太2真人","男","无IP","1838111","6","","10000","0","","第五肯定是空吧"
"合金装备丶布狼牙","男","无IP","102650009","6","至尊戒","10000","0","1","QSNVN5KF4FJM"
"残情丶玉心","保密","无IP","49627632","6","","10000","0","","陶典是dv的声优？"
"ぃ小耗子","男","无IP","31571116","6","","10000","0","","来了"
"懒软散","保密","无IP","528907691","5","","10000","0","","想知道4.1什么时候更新，我怕等我开学之后再玩崩崩崩的时候都更新到5.1了"
"-荼道赛高-","保密","无IP","37983690","6","","10000","0","","https://www.bilibili.com/bangumi/play/ss33688"
"冬天T来啦","男","无IP","22982704","6","绯赤艾莉欧","10000","0","10","[吃瓜]这应该是录播的录像吧"
"讲故事的衣服","男","无IP","495056501","5","","10000","0","","哇，有4星太刀自选箱，福利"
"哇哈嘿啊哦","男","无IP","7408551","6","","10000","0","","我看录像能把我的250氵给我吗？"
"遇臣-","男","无IP","290344377","5","王子碰碰球","10000","0","","养肝护肝崩坏三，夏活不肝何时肝[doge]"
"那一抹绯色。","保密","无IP","31249291","6","","10000","0","2","原来焰灵姬是她配音的[思考]"
"沉迷崩坏三的自由鸟","男","无IP","17368715","6","","10000","0","","感觉狗编剧发刀发疯了"
"以往随愿","男","无IP","23365219","6","","10000","0","","冰律应该是那个。最新章节，芽衣遇到的那个小女孩[支持]"
"银河晓星","男","无IP","104384671","6","","10000","0","3","有点大……[doge]"
"窝窝头d","保密","无IP","471609851","4","","10000","0","","女王什么时候返场啊[doge]"
"w小隐","男","无IP","9289042","6","","10000","0","","挖偶"
"人人王_","男","无IP","363204600","5","","10000","0","","草莓小哥:来一份[响指]......"
"AminaWing","保密","无IP","212609009","6","","10000","0","8","怎么就这点？根本不够嘛～[崩坏3_路过]"
"Since小时候","男","无IP","49880283","6","","10000","0","6","我保护你是为了我自己！因为没有你我很难活下去"
"都怪安宥真","男","无IP","282803387","6","","10000","0","","我什么都做不到"
"cjfokok","保密","无IP","6219843","6","明日方舟音律系列","10000","0","3","芽衣抢到杯子就想着递给琪亚娜了，好甜，我好了"
"八雪小猫咪","保密","无IP","32982493","6","","10000","0","4","队长你可以再表演一下那个吗，以下的自行脑补吧"
"r时雨雨","保密","无IP","28748641","6","洛天依8th生日纪念","10000","0","","[热词系列_知识增加][热词系列_知识增加]"
"冠以希灵之名","保密","无IP","291491989","5","","10000","0","","错过了[大哭]"
"未见灯火","男","无IP","300044389","6","","10000","0","","只想姬子回来，特地为了衣服回坑"
"随鲨","男","无IP","37140701","6","","10000","0","3","勇敢的少女啊，快去对抗崩坏吧！"
"我能不能不起床啊","女","无IP","10570828","5","雪未来","10000","0","","没看错的话 右一lo裙是pink[微笑]"
"雪域剑刃寒星","男","无IP","14749971","6","原神","10000","0","","又是伞。。。还带个水杯。。。。。上次云墨是伞和小玩偶"
"飞得更高的小孩","男","无IP","25451826","5","","10000","0","","在？直播吗过期了解决一下"
"吱吱-mi","保密","无IP","281340696","5","","10000","0","","讲真，我喜欢分支后的收刀，咔咔响，跟空律响指一样带感[doge]"
"浮华CJ","男","无IP","94934784","6","","10000","0","11","我丢，昨天看完直播忘记换兑换码了，我还记在小本子上了[笑哭]"
"嫂夫人挨个biu","男","无IP","10850944","6","","10000","0","","我想听游侠那句：揍扁你们！"
"嘿咻嘿咻嘿羞","保密","无IP","34888743","5","","10000","0","","看完直播看录播[热词系列_打卡]"
"续杯美酒","男","无IP","3365464","6","","10000","0","","空雷理？所以绝对没有机会看到陈阿姨上这个节目么[热词系列_泪目]"
"凉宫春日的老虚","男","无IP","6994240","6","","10000","0","","这个陶典，有丶好看啊，爱了爱了"
"七角琉璃灯","保密","无IP","5556992","6","","10000","0","","大佬们，前一段的bgm是什么？[doge]"
"莱纳超菜","男","无IP","34918254","5","","10000","0","","盲猜一波雷律和和空律合力揍冰律吃瘪（没错，就是你，崇皇雷律），然后通过莫名其妙的方式召唤了炎律姬子阿姨（可能是别的人格之类的状态）挑拨彼此，让炎冰互撕"
"西来东去","保密","无IP","324044451","5","","10000","0","","有兄弟要水晶号吗有1万6千多水20多张卡10块有人要吗"
"白樱之雨","保密","无IP","43921677","6","","10000","0","","陶典，终于看见本人了，好漂亮[惊喜]"
"筱泽同学1","男","无IP","106493810","5","刺客伍六七","10000","0","","qsnvn5kf4fjm"
"舰长侵入","男","无IP","168818082","5","","10000","0","","Pspupxhx6zsd"
"药医人医心","男","无IP","79105614","5","","10000","0","","？没饭之律者林qwertuyopjbcsaxvmpf"
"秦始皇派蒙恬赛博遛狗","女","无IP","8848233","6","崩坏：星穹铁道","10000","0","","菊花花脸怎么方了[doge]"
"自闭的灰色炸鸡块","保密","无IP","436971196","6","","10000","0","","早起的网课党有直播康[doge]"
"Reminis流年","男","无IP","3347314","6","百妖谱","10000","0","","我现在只想知道和eva的联动内容"
"emmm取名真难","男","无IP","31974997","6","","10000","0","","我裂开来，没看公告错过了250水"
"荧灬流光","保密","无IP","367965710","5","","10000","0","","现在才发出了，等了一晚上"
"初音酱的miku酱","男","无IP","22754337","6","","10000","0","","我永远喜欢菊花花，太可爱了[蛆音娘_卖萌]"
"手持华为玩原神的吴京","保密","无IP","12563655","6","","10000","0","","[喜欢][喜欢][喜欢]"
"莫曾-雷库库","保密","无IP","85758159","6","","10000","0","","崩坏和Eva联动，天父有动作了？？？"
"哟哟妖娆","保密","无IP","28040633","6","","10000","0","","次次 保底[抠鼻]不玩"
"夕莉夏琪丶","男","无IP","76747473","6","","10000","0","","兄弟们，散了吧，没有掐脖子。QAQ"
"带胶布311","男","无IP","95888104","6","星座系列：双鱼座","10000","0","","有人发现小哑的黑色蕾丝袜了吗[doge]"
"亵渎一二三","保密","无IP","87369426","6","崩坏3・天穹流星","10000","0","15","我突然想到了什么，去年零食是薯片，今年是趣多多，明年难道是脆脆鲨[OK][OK][OK]"
"MeineHing","男","无IP","379331178","5","","10000","0","","每次直播我都在考试[笑哭]"
"变态狂hgug","保密","无IP","78083043","5","","10000","0","","直播没有提醒我，真想打哭爱酱[]"
"声远酱","男","无IP","4452724","6","","10000","0","","这么早，这么多人了"
"电竞の翻水水","保密","无IP","88831443","5","hanser","10000","0","11","以下要求全文背诵[doge]"
"鑫仔吨吨吨","保密","无IP","102615286","6","","10000","0","","第一次见陶典，这么成熟的吗[抠鼻]，[热词系列_爱了爱了]"
"恭喜08","男","无IP","354478208","6","","10000","0","4","建议下次调整一下麦"
"Ayeah就是啊业叫做Ayeah","男","无IP","3891434","6","","10000","0","","我想听游戏怪奇物语"
"泉の丘","男","无IP","32340574","6","","10000","0","","煮饭婆终于站起来了！"
"柏崎星奈ぐ","男","无IP","8608368","6","","10000","0","","Bgm是冬季那个时候的活动还是夏季的来着"
"穗含月","男","无IP","62937055","6","","10000","0","","来得早不如来得巧"
"鑫仔吨吨吨","保密","无IP","102615286","6","","10000","0","","米娜桑，早上好[打call]"
"鑫仔吨吨吨","保密","无IP","102615286","6","","10000","0","","[妙啊]卧槽，第一次见到活人"
"你摩羯","保密","无IP","87068361","6","","10000","0","","花姐变胖了[doge][doge]"
"GalZhuai","男","无IP","11473910","6","明日方舟","10000","0","7","4.1大概什么时候更啊[doge]"
"玛奇玛骑玛","男","无IP","307473100","6","","10000","0","","QSNVN5KF4FJM"
"大慕雨","男","无IP","298768709","6","","10000","0","","奶够翘"
"改名为了中奖フ","保密","无IP","289419254","5","三周年恋曲","10000","0","","早安"
"月夜黑hao","男","无IP","283288621","5","","10000","0","","早啊"
"只是一个弱弱的卡莲厨","女","无IP","338094168","5","","10000","0","6","早起的孩子有粮吃[粽子]"
"落秋霜丶","男","无IP","146826022","6","良辰美景・不问天","10000","0","","艹昨天睡到了十一点没赶上"
"五上桐斗","保密","无IP","310194375","5","hanser","10000","0","","崩崩崩和eva联动了，爷青结"
"小夏整挺好","男","无IP","1274983","6","公主连结佩可莉姆","10000","0","","富婆聚会"
"3418920301","男","无IP","7250858","6","崩坏：星穹铁道","10000","0","8","冰――律――[大哭]，提前哭一下"
"一念吃胖了","男","无IP","47736988","4","","10000","0","","早起的孩子有直播看"
"绯陌奏","保密","无IP","10908920","5","","10000","0","","等级没85,看来只能掏出红色的票票买零食了"
"马铃薯勇者","男","无IP","4866071","6","","10000","0","","看到声优，角色幻灭一半，没想到国内也一样[滑稽]"
"ZYH_YZ","男","无IP","79039643","6","","10000","0","","齐格飞什么时候登场[doge]"
"大法师的图书馆","保密","无IP","17869798","6","茶啊二中","10000","0","9","还没睡的大佬们[OK]"
"弦责","保密","无IP","13470333","6","","10000","0","","越玩越单机不搞点多点玩家联动真心坚持不下去，像DNF那垃圾游戏要不是QQ群里个个都是人才说话又好听，表情斗图，搞笑段子等等早玩完了。                   不然游戏骚操作这么多天天骂策划骂老马，还有这么多人玩的原因"
"张起灵到底灵不灵","女","无IP","15435777","5","","10000","0","","????"
"米法呜呜我的米法","男","无IP","35654970","6","斩兽之刃","10000","0","7","这波是通宵党的胜利[鼓掌]"
"大家别来无恙吗","男","无IP","36394357","6","","10000","0","6","先期待一下夏活BGM"
"timesoflove","男","无IP","346184133","6","白蛇2：青蛇劫起","10000","0","","典姐真好看"
"品如的秋裤","保密","无IP","90338320","5","","10000","0","","哦哦哦哦哦哦！！[鼓掌][鼓掌]"
"_Lxt","男","无IP","26242518","6","","10000","0","","[打call]"
"蛋炒饭不要饭炒蛋","男","无IP","95301946","6","2233幻星集","10000","0","","不是早起，是根本没睡[doge]"
"夺捞啊","保密","无IP","327567945","6","","10000","0","","有兑换码吗[星星眼]昨天没看"
"乐正婉晴","保密","无IP","14779437","6","明日方舟","10000","0","","哈哈哈哈哈"
"紫laien","男","无IP","3253454","6","","10000","0","","看不起谁呢，再晚一小时发[doge]"
"狱友三","男","无IP","33271893","5","","10000","0","","有没有课代表不想浪费时间[无语]"
"PardofelisPen","保密","无IP","46300248","6","DM袋喵","10000","0","","这不是录播么[doge]"
"Pocsa","保密","无IP","252096865","6","","10000","0","","这么晚，是想害死我，拿到我的账号吗？"
"_林工_","男","无IP","102929311","6","良辰美景・不问天","10000","0","","你们速度真快啊"
"苏阿纯","男","无IP","74104858","6","","10000","0","","这个点发视频？"
"摆烂世间无人爱","男","无IP","248827641","6","","10000","0","","疯狂迫[热词系列_害]渡鸦；我的岛[doge][doge]"
"骑猪奔向远方的少年","男","无IP","23699665","6","十四周年站庆","10000","0","","这个点了，好早"
"单推あくあ的毛怪","男","无IP","207912636","5","碧蓝航线2020","10000","0","8","在?互掐[doge]脖子"
"纳萨西","保密","无IP","37955377","6","见习爱神头像框","10000","0","","这个点还醒的都是要犭"
"流年不利情难抑","保密","无IP","281250467","6","","10000","0","","都不睡的吗[2233娘_困惑][2233娘_吃惊][2233娘_第一]"
"格匦〗","男","无IP","7957458","6","星座系列：巨蟹座","10000","0","","你们都住b站吗，这个点都这么多秒评。。[无语]"
"无聊_子","男","无IP","69871192","5","","10000","0","","我预言会有一波复制粘贴那些雷律段子的人会上热评[doge]"
"希-儿-","男","无IP","266446289","6","","10000","0","10","这个时间点，刚刚刷完崩三任务"
"瑾夏空城","男","无IP","36758876","6","至尊戒","10000","0","","晚睡的孩子[OK]"
"该账号已破碎","男","无IP","6004074","6","","10000","0","7","典典回来啦！！  是不是可以开直播不用报备了[哦呼] GKD"
"Op时-间到","男","无IP","356849331","5","","10000","0","","哎，还没睡呢[doge][滑稽]"
"特特特撕拉","男","无IP","52791514","6","雪未来","10000","0","2","Eva空降63:06[鸡腿]"
"全夜行","保密","无IP","294972630","6","","10000","0","","昨天下午睡着了，错过了直播也错过了氵晶[崩坏3_危险]"
"bili_282126142","男","无IP","282126142","5","","10000","0","","哦哈哟"
"你该死心了","保密","无IP","325085769","6","","10000","0","","现在发瞧不起谁呢[doge]"
"我的猪卷","男","无IP","23773777","4","","10000","0","","1分钟前。。。。"
"风干水母","保密","无IP","13587245","6","","10000","0","","居然这时间"
"universe-鸭鸭","保密","无IP","27580206","6","鬼刀・风玲-头像框","10000","0","10","[doge]"
"六つ山B兜","保密","无IP","2432748","6","冬季","10000","0","","别说什么早起，你就是通宵了"
"小忍_しのぶ","女","无IP","11828821","6","","10000","0","","[打call][打call][打call]"
"神威灵装刻刻帝","保密","无IP","12801585","6","约战・狂三","10000","0","","看不起谁呢？哦，我通宵要睡了，那没事了[doge]"
"-小糸侑","男","无IP","11683949","6","hanser","10000","0","6","[tv_doge]"
"铁意殇魂","保密","无IP","297681369","6","","10000","0","","我们清洁工们 可算起来了。 圣痕转变， nice"
"朋友来切磋切磋","男","无IP","61942534","6","","10000","0","6","考试错过了直播的来看一看[OK]"
"想雷普维普蕾","男","无IP","49129432","6","三周年恋曲","10000","0","","就这？十二点发"
"一个优雅的宅","保密","无IP","11857485","6","","10000","0","","dva   dva  dva  dva爱你哟"
"可爱的小孙","保密","无IP","5759544","6","","10000","0","","晚上好[doge]"
"我的电冲很大","男","无IP","33242582","5","","10000","0","","看不起谁呢，明天凌晨再发"
"bili_4668531245-","保密","无IP","46103677","5","","10000","0","1","啊这"
"深知486朋友交易的我","保密","无IP","38878094","6","","10000","0","","有人发一下领取码吗？。。。"
"梗小姐真的很努力了","保密","无IP","107925101","5","","10000","0","","好早[打call]"
"小调轻松x","男","无IP","289526150","5","","10000","0","","早起舰长有fafa看"
"祸月丶","保密","无IP","204957432","5","","10000","0","","一晚上没睡的来报个到"
"果酱壶","保密","无IP","402568785","6","崩坏3・天穹流星","10000","0","5","早上好，各位舰长[惊喜]"
"HHdoctor","保密","无IP","170881886","4","","10000","0","","大小姐驾到"
"恒之耀-星之殇","男","无IP","224741743","5","洛天依・最美的夜","10000","0","4","太早了！"
"路途ps","保密","无IP","238692590","5","","10000","0","","第一"
"郁韶","男","无IP","26067946","6","","10000","0","","qwq"
"FicheSviel","保密","无IP","296781892","6","双生视界・花嫁","10000","0","3","瞧谁不起呢，晚两小时再f,[doge]"
"哀伤的遗忘者","保密","无IP","344338064","5","","10000","0","","哦吼"
"嫩芽次元","保密","无IP","21851137","6","","10000","0","","都是通宵的吗[热词系列_知识增加]"
"Mix肾子","保密","无IP","11582200","6","","10000","0","","你们都是住小破站的吗？"
"喜欢骨肉相连","保密","无IP","385413037","5","","10000","0","","大家还不睡吗"
"亚空的征服者","男","无IP","914283","6","崩坏：星穹铁道","10000","0","12","诶嘿"
"幻化成风丶","男","无IP","221162213","6","","10000","0","1","你们不睡觉的吗？oh my god"
"零丶零一秒","男","无IP","52862446","6","崩坏：星穹铁道","10000","0","","[崩坏3_糖葫芦][崩坏3_糖葫芦][崩坏3_糖葫芦]"
"新しいソ","女","无IP","262910640","6","绯赤艾莉欧","10000","0","","我忘了有直播[崩坏3_路过]"
"白毛子麦露","保密","无IP","35699221","5","","10000","0","","刚起床[哈欠]"
"夜雨不哭","保密","无IP","6805544","5","","10000","0","","三个女人一台戏[doge]"
"摆烂世间无人爱","男","无IP","248827641","6","","10000","0","","都住在b站吗？"
"约战星游","男","无IP","275303589","5","","10000","0","9","我第一次到这么早"
"嘉奈特","保密","无IP","34170074","6","绯赤艾莉欧","10000","0","","等一个课代表[doge]"
"夜樱丽奈","保密","无IP","12839788","6","赏樱大会欧皇","10000","0","","这么早过审[滑稽]"
"厄斐琉斯的狗勾","男","无IP","26099145","6","","10000","0","","早上好"
"橙橙子喵ovo","保密","无IP","35897751","6","","10000","0","","困=_="
"闲人阿宅","保密","无IP","86007685","6","","10000","0","","太快了"
"账号已注销","保密","无IP","920638","0","绯赤艾莉欧","5000","0","","哦嗨哟！"
"陆为嘉","男","无IP","80681569","5","洛天依8th生日纪念","10000","0","","前排"
"吾王啊_","保密","黑龙江","1170569537","5","","10000","0","","考古[脱单doge]"
"林逃山","保密","澳大利亚","24787866","6","新科娘","10000","0","","典典好可爱啊"
"彭博文SEU","保密","江苏","130078795","6","","10000","0","","典典这个妆有点浓"
"因你而在的爱莉希雅","保密","河北","548194681","5","","10000","0","","奶够翘[doge]"
"我必须驾驶EVA","男","重庆","4662303","6","","10000","0","11","原来是这个直播里宣布的吗，当时准备高考，前几天晚自习同学在微博刷到动态我才知道的"
"莉法桐人","女","无IP","331442682","4","","10000","0","","兑换码呢？"
"芙卡洛","保密","无IP","30762749","6","斯莱特林","10000","0","5","太可爱了！！！！！！"
"北鸢_夜离血","男","无IP","435334534","6","洛天依・最美的夜","10000","0","","回来看看典典还有头发菊花花还没发福严重的样子[滑稽]"
"是你的正先生","保密","江苏","439327053","5","","10000","3","","贴的时代！[doge][傲娇][嘟嘟]"
