"ǳ","Ա","IP","UID","ȼ","װ","ûȨ","","˿ŵȼ",""
"Feysala","","Ĵ","334266","6","","10000","126","","Ľɫ¾顣,,Ŀǰ뵽ġ,,нģǿɲɫ,ӣ,,Լģ,գ˿ǣǣȳλеĸ꣬׶,,ֻcvûģ͵,.,,оǺǻ߿ѡһ¾ˣĿƫ㣬Ͼ󣬿һֱû齻"
"˫ϣһɰ","","㶫","399267552","5","","10000","604","","0326,ϣϣ㲻ȥСԱѵ,ϣȻҪôϾҪú˶úѧϰú棬úóԣúϢ,ѵʱʱһʱ׵Ѹ١"
"mini","","","10822928","6","2233ձƷ","10000","715","","ؿϲйиµĿʼ"
"ľTage","","㶫","377668556","5","","10000","57","","˵ɣʵ͵ĶҲܶ࣬ѡɫĻʲôģҲʼԴ֮ߣ͵ĶҲܶ࣬Щ˲ҪǼ֥飬[]"
"Դʯ","","","178719820","6","3","10000","17","15","ĿǰСӣȸޱǶޱӦöȽȷǶޱոͨѶʱᵽģоɯȳ磬Ի˵ȥôΪٷ˵Ľɫһû뿪켧Ѿˣʾغϲپҵӻѿµʥİӣˣֻʧ500ĵز̫裿"
"669634","","Ĵ","3537112936745407","2","","10000","70","","ޣʡʡɣupɫˣѿӡкü˰ɡ"
"԰","Ů","","227327472","6","","10000","42","","ֻҪһ飬UI롿ģΪ̶ܴӰϰߣಿûɶ˵Ҳûɶʸ˵ΪҲңʹѡְ"
"С","Ů","","605685596","4","","10000","309","","ʵɣ3ʹ5ҲûãΪ3PVPһֻS0ıԱS2ıûáֻ˵3PVPģʽԭֻܿ32.0᲻ɾPVPˣ3Ȼȡ"
"ȵ","","㶫","318005409","5","3","10000","9","","ĽɫӦӰ1.0ֻ¶˸֮Ҳûеǳ"
"֮","","","494497636","5","","10000","7","5","Ľɫϣ»Ϸݲ̫ܣҲ̫ܱϾеľоȵľǿкüƪӣҲ̫ΪɫӣϷҲȽ϶ģΨһĿҲֻһˣǵȻӴү̵е֮ߵо͵ǳˣʥۣҾǸо̵棬ӴүǳѾռ"
"ﶹѿ","","","12890463","6","","10000","7","","˵˱3ʧȥ˶֮,Ƕڱ3˵û,򲻳˺ٻɶ,ܶɫСϸ,Ҿ,ճʹмЩϸڵĻô,̶ǹ̶,׷µ,ʲô֮"
"","","ɽ","76542559","6","","10000","19","","˼ɫ ʥӶ᲻ ȱ[΢Ц]"
"Er-","","㶫","39654235","5","","10000","48","","ڡֻô򣡻Ҳࡣ,е˿ҪҪ˵û˼û˼㣬ƫȫеȴúܷ,ҵڶֻ֡īҶʦˣǴ˵ȥˣҾͦõġ"
"ԯڻ","","","49654658","6","","10000","1197","","~ȵ"
"","","","106583786","5","","10000","69","","֪UIĲȥˣҾԭUIǲǿŻǵڻûϰ[][]"
"","","","249127595","6","","10000","25","","ôˣ,Ľɫ裬,е˵ȥ"
"COCONUT-DA","","㶫","52522910","5","","10000","23","","ңβʾǸĽɫǼӵڶ[ί][ί][ί],ӣҵļ[ί][ί][ί],һεʱͰϷǩĳɣһŷӻ鿨ᣬǵڼҲûл[ί][ί][ί]"
"ѻĵ","","㶫","36179603","6","","10000","8","","൱ڱһȫsȱмֵô"
"ɿζţ","","","437231031","6","","10000","382","","ջؿӣþûֱˣֱɶʱɴСƷˣ[Ц][doge]"
"ར","","","376282790","5","","10000","33","","һ״upͰͣһδ֪"
"縸","","","1191271690","5","","10000","10","","#3# Զѻĳ项,,ðţɯϣ,,ϤĿһЩұйصԨţˡֱԡ,,Ԩİţ֣,,֪ʶӦͨspˡҴҸˣҪŮspĻᣡ,,ǡ,,Ŀıע,,Ŀ飬Ϊ˸лλ֧֣7.2汾ɳѰǡзο͵¼Ҽʼȡҹబ*1,,ٴθлɯСĳ飡"
"","","","399436416","5","ϵУ˫","10000","10","10","޶ˣʲôͷ[΢Ц]"
"","","","106583786","5","","10000","69","","֪UIĲȥˣҾԭUIǲǿŻǵڻûϰ[][]"
"һֻjpg","","ɽ","201653266","6","","10000","5","","AIĻ˲[3ɹʼ_][3ɹʼ_][3ɹʼ_]"
"ȼ_LCYL","","㽭","439934019","5","շ","10000","201","","ڳıǷаȫ[]"
"Ӱ֮","","㶫","480257416","5","","10000","6","","ɱ˺ԭĸŻ ߱Ϊʾʾ"
"׶","","","281561","6","ԭ","10000","13","","ȥǾﰲ2.0ͺ"
"϶","","","538264964","5","","10000","22","","ϰнҪʶյ״[ྐྵ]"
"³","","㽭","471264064","4","","10000","6","","xdmQ氮[3ʸԸ_]"
"star_rrrr","","","1932105432","4","","10000","9","","ϵǣöˣҲ͸仪ˣ[doge]"
"Lv6-δԪ","","","434001630","6","","10000","11","","ıɲãҷˣ[][][]"
"Muthoi","","Ϻ","1940559995","4","","10000","3","","@3һż񰮽 һƣĿҹٿ飬ֹaɫ2.0ɫⲨĶң϶һs󰡣ҽڼŮɫмͲĵʧʱҷθ֮[3ɹʼ_ȼ]"
"ǰ","","","21939609","6","","10000","619","10","ϸƵ˸룬ξ͵̸̸汾pvĸ֣ͻʹ,ʵͲҪôĵװΣ־ܹһɫںˣһнߣҵĸоǡǽ֣ؽ޷棬ɲܳһʱ䣬mhyֶһ֡ڡľأԵһʱó㹻ǿҪ˵жӡ󣬿²˵ĺ֣ʵҪװ磬ʵϣһâ¶ǳĬ򣬵ѣһˣнΪ3һɫβ¼Ԫ[֧]"
"򳡻","","","22496433","6","","10000","28","","׶ л"
"ľTage","","㶫","377668556","5","","10000","57","","˵ɣʵ͵ĶҲܶ࣬ѡɫĻʲôģҲʼԴ֮ߣ͵ĶҲܶ࣬Щ˲ҪǼ֥飬[]"
"","","ɽ","511743573","5","","10000","11","","鷳´αԼϷͻˣ2һ鿴ĺͷ[Ц]"
"ҹҹ","","","88673784","5","","10000","25","","ǿĽɫ    [][][][]"
"","","","1458621990","5","","10000","8","","5trsfx5tcg4p"
"羢ɫΪ","Ů","","585260860","5","3","10000","3","","ڣ͸@3һż񰮽 @3"
"ռ췥","","","181477562","6","yousaϲȵ","10000","9","","´ֱʱڲۺѽ[ϲȵ_emm]"
"ؼ","","ɽ","455076312","5","","10000","5","10","BV1Bu4y1T76h[ѵdoge][ѵdoge]"
"ȵ","","㶫","318005409","5","3","10000","9","","ĽɫӦӰ1.0ֻ¶˸֮Ҳûеǳ"
"Դʯ","","","178719820","6","3","10000","17","15","ĿǰСӣȸޱǶޱӦöȽȷǶޱոͨѶʱᵽģоɯȳ磬Ի˵ȥôΪٷ˵Ľɫһû뿪켧Ѿˣʾغϲپҵӻѿµʥİӣˣֻʧ500ĵز̫裿"
"","","","384721027","6","hanser","10000","4","","һ[hanser_ʹ][hanser_ʹ][hanser_ʹ]"
"Ӱ","","㶫","503382801","5","","10000","57","","䣬ֻΪ[]"
"ÿcoco","","ɽ","611875786","5","","10000","4","","׶[]"
"ͻͻ_","","ɽ","1087178634","5","","10000","4","","ǰ֧糡ÿָڵÿ˰"
"","","","249127595","6","","10000","25","","ôˣ,Ľɫ裬,е˵ȥ"
"","","","534548292","5","","10000","8","","˯һһˣͲܸڱһ12[][][]"
"COCONUT-DA","","㶫","52522910","5","","10000","23","","ңβʾǸĽɫǼӵڶ[ί][ί][ί],ӣҵļ[ί][ί][ί],һεʱͰϷǩĳɣһŷӻ鿨ᣬǵڼҲûл[ί][ί][ί]"
"¹m","","Ĵ","287472435","5","","10000","3",""," 5TRSFX5TCG4P,,JAFYDN472FQQ,3TEGV7LPJFQ4,NBEZUNLPJEQY"
"ĸ","","㽭","3546383246166796","3","","10000","5","","Ȼ仪Ҵ󵨲²һѪʵֵֵû˱仪ҽ·ˣ˵Ķ԰ɣ[doge]"
"زҶ","","㶫","634179929","5","","10000","39","","ҲѼҲǲ[]"
"","","ɽ","76542559","6","","10000","19","","˼ɫ ʥӶ᲻ ȱ[΢Ц]"
"˼ys","","","390315841","5","","10000","2","7","ϲʦ,仵Ů˾͸ϲ[doge]"
"Er-","","㶫","39654235","5","","10000","48","","ڡֻô򣡻Ҳࡣ,е˿ҪҪ˵û˼û˼㣬ƫȫеȴúܷ,ҵڶֻ֡īҶʦˣǴ˵ȥˣҾͦõġ"
"66","","㶫","524433377","5","ԭ","10000","25","","5TRSFX5TCG4P,,ǵñ"
"͸һ","","","688631902","4","","10000","2","5","@AIƵС ܽһ"
"˼","","Ĵ","44958063","5","2߽","10000","44","","ҽ͸ְ߲֮[ѵdoge][ѵdoge]"
"ְ","","㶫","429003120","5","","10000","4","","ʦһƯ[]"
"SһۼϹ","","㶫","39248171","6","ղؼ","10000","2","9","ӻл"
"׷Ƭ","","","522601932","5","","10000","5","","Ҳ֮ߣΣϾһֻʶʲôʱ͸ѼѼҲа[ѵdoge]"
"徳","","","403084908","5","","10000","5","","5TRSFX5TCG4P"
"ѻĵ","","㶫","36179603","6","","10000","8","","൱ڱһȫsȱмֵô"
"End_Knight","","㶫","27906557","6","","10000","39","","7.2ʲôʱ°еڶӵڶʼ±3[]"
"","","½","356790179","6","","10000","2","","ҾͻؿӰ˿ӣǱϰӵִ巴·˼ʹҲ˵ĿӡһʱʱΪѽԻǲֻܵʱˡ"
"ء","","㶫","419371","6","","10000","16","","˵ʵװɫ[]"
"ΰԶ","","Ϻ","82366078","6","","10000","19","","ҾûǱҵö԰뿳Ҫһsʥ۲ҵҶԨר[doge]"
"MasterSaber","Ů","ӱ","424712909","5","","10000","18","","ԪΪ"
"侲23333","","Ĵ","141300837","5","","10000","2","","[doge]ȶȫȥ"
"΢ιq","","ɽ","59620987","5","","10000","12","10","Ҫһµڶһ˰[doge]"
"ͯӱ","","","106839935","6","3","10000","10","7","˵ĽɫӦп"
"-»-","","","3493118848535234","4","","10000","3","","ұݸ[doge],  , , , , , , ,, , , , , ,Ȼ"
"AAAСѻ","","","179671210","6","#EveOneCat!","10000","3","5","5TRSFX5TCG4P"
"¶ѿ","","","389311761","6","","10000","2","","ͦõģøֻĻһë[ī]"
"ˮQWQ","","ɽ","688342743","5","ǽС","10000","3","","5TRSFX5TCG4P"
"ʮ","","","83159682","6","","10000","65","","ֵǣһ Ӱ๷[]"
"˲ʤ","","ɽ","1164126573","5","","10000","2","","ҿǰհ[Ц][Ц][Ц]"
"޴Ťֽ","","","1023625958","4","","10000","2","","2023.12.15 ,19:22~19:48,ȫվѵһ ,3 V7.2ɳѰǡرĿ ,[hanserװ_Ү]"
"СԸ","","","245586932","5","","10000","3","","5TRSFX5TCG4P"
"ȷ֤·ʮ","","ɽ","1721009349","4","","10000","13","","˵1.5󣬸оѼѼ˲[Թ]"
"֮","","","337006276","5","","10000","2","","ȶȫ"
"ར","","","376282790","5","","10000","33","","һ״upͰͣһδ֪"
"Īߢ","","","430883123","5","","10000","2","","ǽһ"
"ѩ޽","","","108506496","6","","10000","4","10","˭˵液չ۲⵽ģ[doge]"
"Ŀ","","","516061933","4","","10000","9","7","[3ɹʼ_ȼ][3ɹʼ_ȼ][3ɹʼ_ȼ]ɳ尡"
"ɢɰ","","ɽ","79252515","5","","10000","17","","[Թ]ûˆֻЩ϶"
"г","","Ĵ","89561936","5","","10000","2","","5TRSFX5TCG4P"
"9","","","1778714706","2","","10000","2","","5TRSFX5TCG4P"
"ս׷","","ɽ","178760697","2","","10000","2","","147529458WC"
"޵P^","","","336045307","5","","10000","7","11","Sǲָˣ°汾10[doge]"
"Night Of ǳ","","㶫","1468079","6","","10000","5","","֪ģܷܲ£Ҫϣͼģ"
"䥨d@","","Ĵ","4195629","6","","10000","2","","5TRSFX5TCG4P"
"WKeter","","ɽ","13270351","6","","10000","2","","ʲôˣ[doge]"
"֣ѩƽ","","","2978854","6","","10000","6",""," л"
"è","","ɹ","262257497","6","","10000","6","","S"
"","","½","356790179","6","","10000","3","","бӸϱٷ˵˿ӵʱӵľȫǱʯܹû仰һŮǻֲ塣ҪǻǾ¶ˣʵռˡ"
"̞","","㶫","3493081827510803","4","","10000","2","10","5TRSFX5TCG4P"
"ô","","Ĵ","74540453","5","","10000","3","","ã[doge]"
"ʵɽ","","","32802270","6","Ůǰ","10000","3","","ֻзÿγҶŷΨһȫװױҵɫܰңҲܰ[doge]"
"·İʲ","","","28576070","6","","10000","2","","5TRSFX5TCG4P"
"ѩx","","","329535295","5","","10000","5","","ʲôֱ٣ǶֻԵ⣬֪һϷ򵥣ʱУٽˣ鲻ҪĽɫһԼ⣬ˢҪһҵԵ߻ͬΪһģϷеĺ ˼ߴ"
"Īŵ","","","1809693","6","","10000","1","","ʦôÿ¶ϧ[]"
"Chloroplasts0","Ů","㽭","384499789","5","","10000","7","","ɶʱµİ[]"
"زҶ","","㶫","634179929","5","","10000","3","","Ҳˣ䲹[]"
"ǉüһ","","ӱ","2088178376","4","","10000","2","","Ҳͽɫôԭ,Ⲩ̫ը"
"̽ϣ","","ɽ","1602723966","4","","10000","8","","仪սʧҲû"
"Դʯ","","","178719820","6","3","10000","18","15","ֱͦʵģϧײˣ¼֮ǰһ徲,֮ǰÿβֱʱĻʲô¼ۺ͵ĻǺܲ,ϽΪ˼[doge]"
"û","","","1475020086","5","","10000","2","","ʦΪʲôԽԽÿ"
"TXWws","","㶫","1270216891","5","","10000","2","","ûϸ֪ǰհǰǸ޵ĸup"
"ϴ¼","","㽭","749999","6","ʮվ","10000","2","","Һãǿɿǹ¶ԺԺ.һ¶Ѿȥ3汾˵һܻ֣ȰĸλĿԴ:(,[doge]ΪˣӴүҪһ裬ллϣҪ桰ҡ[]"
"ѿ","","","44834790","6","","10000","2","7","UIл"
"ʥ΢Ц---ѻ12345","","Ĵ","187760112","6","쳣","10000","2","","5trsfx5tcg4p"
"ϹVoV","","","114151668","5","","10000","2","","5TRSFX5TCG4P"
"","","ɽ","1729031569","5","","10000","2","","uiлл"
"֮","","Ϻ","99290194","6","","10000","3","10","5TRSFX5TCG4P,,ǵñ"
"ﶹѿ","","","12890463","6","","10000","7","","˵˱3ʧȥ˶֮,Ƕڱ3˵û,򲻳˺ٻɶ,ܶɫСϸ,Ҿ,ճʹмЩϸڵĻô,̶ǹ̶,׷µ,ʲô֮"
"ͷ","","Ϻ","122959318","5","","10000","2699","","һ׽ŶԾѵļҳ̶ˣǣó˱仪"
"ܽܽҰ-","","","37588084","6","hanser","10000","2","6","ڱˣɶʱҲ͸汾C[3_ע]"
"ǵǵ","","","441591074","5","","10000","2","","ѽС۸Ŷ"
"ؼ","","㶫","260917649","6","2021","10000","2","4","ﶣ°汾>>>,V7.2ɳѰǡ5TRSFX5TCG4P,ݣˮ350ʯ2888ϡ2ˮ3,СTipsͬÿ˺ŽȡһΣЧ20231216 12:00뽢ȡ"
"̓޶","","ɽ","1300104129","4","","10000","4","","ޣȥ[doge]"
"OP","","","4791117","6","3","10000","4","","ʲôʱ3ѪҴ[]"
"ද֢Сմ","","Ϻ","21543522","6","","10000","1","","ɫ2.0֮ǰҲ֮ڶϵ,ΪǿҵĽǱ,һһȫɫȫʥ,Ȼʼҵ""ҵ""ˣ͵һ7Ĵ,,˵3ҲȷΪ뿴ȵĹ²һֱûӵģ׹ϷԽԽҲ棨δȷûôʱ[Ц]"
"ֻ֪ƣİ","","","2285297","6","","10000","3","","ѵë"
"ֻ֪ƣİ","","","2285297","6","","10000","2","","ûʮӢǰ׺"
"߲","","","649226760","4","֮","10000","1","","¼ðֱһȺ[֮_]"
"߳߸ѿè","","","272285211","5","","10000","2","","ϵǱһ޶"
"˼ys","","","390315841","5","","10000","1","7","𲻹3[doge]"
"Ǵ_","","ӱ","313695729","6","Ҷ","10000","1","","5trsfx5tcg4p"
"29261038146_bili","","","384168725","6","","10000","1","","ľͲ𰡰Ǹһϵʶ˰[][][][][]"
"¸С˧","","","425241257","5","2233ʮһ","10000","8","","ѧѧò[]"
"Ҷ","","㶫","385165758","4","","10000","0","","û˰һ"
"̵A","","","64238709","6","3","10000","2","","Ҫ͸Ҳ͸ְ[3ɹʼ_][3ɹʼ_ϣ]"
"ܳܺ","","㶫","93853665","6","3","10000","2","10","һҵ"
"Ǹڱ-","","㶫","393715609","5","","10000","2","","֪ʶӦͨˣʲôʱѼ[doge]"
"ϹVoV","","","114151668","5","","10000","4","","Ү[call]"
"޹-˹","","㶫","1814780550","4","","10000","1","","ˣѹûȥҴʲô"
"Ľ","","ӱ","504000757","3","","10000","0","","630429934YV[ѵdoge]"
"ŵ","","ɹ","686443785","5","֮","10000","1","","Ҫǰѱ仪˰ɣÿʵ[ѵdoge]"
"ﳾ","","ɽ","2003712053","5","","10000","1","","˵緢ʲô"
"","","","199644136","6","","10000","1","","ûע⵽ʦ·άԭʦҲǴġ,ͱӽˣѷң,ҪԼ飬Ƕ,Ҿ֪"
"ӲҸǳ","","","52020715","6","","10000","1","9","ܼܲһ仪"
"ӣ","","","1908625053","4","","10000","1","","ɽ·ǸģҪ7.2ܱߣ˭֪[ѵdoge]"
"֪ʲôһ","","","1740298090","5","","10000","4","","¸汾ʱḴ𣿲Ҿٴһ汾ˮ"
"˼ys","","","390315841","5","","10000","1","7","Ҫʦ˿ҽ[doge]"
"dieingqueen","","㶫","2487716","5","","10000","6","","ôо汾Ϊ˵ڶܰõ[Ц]"
"_akstheaky210","","","1914839287","5","","10000","1","","˵öԣһϷ򵥣ʱУٽˣ鲻ҪĽɫһԼ⣬ˢҪһҵԵ߻ͬΪһģϷеĺ"
"ӣ","","Ĵ","318087668","6","","10000","3","9","100spˣ˵ע[ī]"
"ζ˷","","","4607843","6","","10000","1","3","ǰг˵ˣǰհСƷ[tv_doge][tv_doge]"
"awhl","","㶫","441721829","5","","10000","1","8","֪СĹ[Թ]"
"_","","½","604026542","5","","10000","1","","۽¼𣬲Ӿܲҿְ"
"ǻ۵һ","","","283425252","6","","10000","1","","5TRSFX5TCG4P"
"ѰǴη","","Ĵ","283298906","5","","10000","1","","5TRSFX5TCG4P"
"֪-R0bin","","㶫","225441277","5","3","10000","1","11","֮Խ"
"ű54","","㽭","3443416","6","","10000","367","","ʶ,ϹŶһУ㹥أ"
"ҹƤ","","ӱ","652042680","5","","10000","16","","ϲһ仰3rd[doge]"
"ѩ֮·","","","162057413","6","hanser","10000","2","","־䴺СƷĸо[Ц]Ȼ"
"","","","1552247955","3","","10000","1","","5TRSFX5TCG4P"
"Ҹ","","","17740557","6","","10000","12","6","þûˣǻһֱϲְֺ"
"ؼ֮ħŮ","","","49791240","6","","10000","1","","5TRSFX5TCG4P"
"ʿ","","","288795468","5","","10000","1","","㿴ʱһ[3_Ǻ«]"
"-ο","","","240745022","6","","10000","1","","5TRSFX5TCG4P"
"Ҫrou","","","497315539","5","","10000","1","","5TRSFX5TCG4P"
"","","ɽ","5719088","6","","10000","13","5","ʦÿ[ϲ]call[call]"
"֤","","Ϻ","33937619","6","ħѧԺ","10000","2","11","һֱֻʾʲôʱ[˼]"
"fixyehf","","Ĵ","104304367","6","","10000","1","","أ"
"ҵС_","Ů","","353908532","3","","10000","1","","[ѵdoge]5TRSFX5TCG4P"
"Ⱦjj","","","678253487","5","","10000","1","","ûдпԽҸ3˺ţԭŽ"
"ǷֺҪ","","ɽ","1315391026","4","","10000","1","","úúã鰢鰢ʦ̫ÿ"
"ʱҲѹ","","","436983536","5","","10000","1","","ڣ͸@3һż񰮽 @3"
"¿","","","1652597","6","","10000","1","","5TRSFX5TCG4P"
"˼ys","","","390315841","5","","10000","1","7","ʲôʱııİ汾ֱô,һӹĸо[doge]"
"","","㽭","3493280411027844","3","","10000","1","","5TRSFX5TCG4P"
"gЦ--","","","297625578","6","","10000","1","","Ĺ5TRSFX5TCG4P[][][][]"
"Ȧ_","","","521150246","4","ϸ","10000","1","3","5TRSFX5TCG4P"
"ǧ","","ɽ","19983532","6","2233Ǽ","10000","1","","5TRSFX5TCG4P"
"-Boge-","","","14480437","6","Լս","10000","1","","ķޣΪʲôRGţҵݰ"
"Уʮҹ","","Ĵ","28540149","6","","10000","1","","5TRSFX5TCG4P"
"ݸ","","","14238517","6","","10000","1","","²һ䣬ϼԪʴ֮ûֹ߳"
"GoblinSuika","","㶫","522531","6","","10000","3","","ôϴΰ·[Ц]"
"","Ů","","38633474","5","2233ʮһ","10000","1","","5TRSFX5TCG4P[3ɹʼ_cool]"
"","","","199644136","6","","10000","2","","ȼ֮꣬ҵˮѾûˣһŷô죿"
"Ƕˮ","","","1825458227","5","ķ","10000","1","","Ӻãǵ°汾ڶð°汾᲻ָһ㣿˵ڶ7.3[2233_]"
"ϲsaber","","","297740950","5","","10000","22","","ΪʲôҪ岥ѽ"
"ɫ","","ɽ","89442972","6","","10000","1","","2.0ʱܲܰѽĿĳԭ֣̫ɰͰ"
"BabelTES","","","167938358","6","EveOneCat2","10000","1","","133448416YE ףʮҵ[ۺƪ_]"
"վ","","","406238198","5","","10000","1","","㿴ڿ㣬ҪϷ"
"Ӱ","","㶫","629063854","5","","10000","1","","ޱɯɶʱϽ"
"Suan_pi","","","194073053","5","","10000","1","","ڣ"
"_","","","1623356012","5","","10000","1","","ڶ"
"Elysia߰","","ӱ","525178104","5","","10000","327","","˵֮Ѿڸڽ"
"żȻ","","Ϻ","29231886","5","ɽ","10000","2","","Һ˵ǣѾô˵[doge]һ"
"lan","","㽭","1902168755","4","","10000","1","","[3ɹʼ_׽][3ɹʼ_׽][3ɹʼ_׽]"
"ɿܤ","","½","496640866","5","","10000","0","","عǰ°ɣ1307929824YE"
"æµСʧ","","","351335511","5","","10000","1","",""
"ֵrain","","㽭","527506993","5","","10000","1","","룺272972591EU ,ףʮ"
"ֻںС","Ů","ɽ","490883309","4","","10000","1","","κö"
"","","","38781732","6","","10000","1","","Ѿûоȥֱ֧"
"","","Ĵ","508918804","5","һװ","10000","1","","о"
"֦˵ز","Ů","Ĵ","310764365","5","Ҷ","10000","92","","һֱڰȰȼsã0sзϵģأ,ǿҾͲǰ೤̬"
"_","","Ϻ","4832659","6","絾ߴ","10000","1","10","ҽͬʱ׵,Եɳ˺,ԭҲ[ѵdoge]"
"Ҷӵĳ","","","582425091","5","","10000","1","","գӦ[doge]"
"","","㶫","14588996","6","9thռ","10000","1","","仪ϸɲҲҪ鱬˹жϷ"
"_","","","498634681","5","","10000","1","","Ipʦո˵˷԰"
"÷˹ʵ","","","525038603","5","","10000","1","","֪ģһֱѣһȹܶõʱ⣬Ҵ2023ͿʼˣϷĲ˼飬ΪҺܺõĻѧӦʱѣҹ˼Ҿ츳,ѾȲˣԭ3ףδһжá@ԭ [3ɹʼ_Ц],˼ߴط"
";_","","Ĵ","158655018","6","","10000","1","11","ı佨ģȷʵ˧ջزϲ˫β[ѵdoge]"
"ľӰˮ1","","ӱ","123236643","6","","10000","2","","һ·ȫǵǷڱĽͦõ(Ŀǰ)"
"Ǿ","Ů","ɽ","285280849","6","","10000","1","","Ͽһתսˣλɶ"
"ԭû","","Ӣ","2033194773","5","׺","10000","1","","ڶ"
"˽ⶾ","","","356900960","5","","10000","1","","֪ģһֱѣһȹܶõʱ⣬Ҵ2023ͿʼˣϷĲ˼飬ΪҺܺõĻѧӦʱѣҹ˼Ҿ츳,ѾȲˣڱ?治죬ףشΰ׬Ǯɡ,,ڴ˳:δδۿƵδĿ,,ķչͱ뱾޹,,! !"
"װ1QC","","","1289513","6","","10000","2","11","оλԭӵʱʲôûֻϣȥΣҴĴָؽ۵ˡ[Ц][Ц][Ц]"
"","Ů","","25146761","6","","10000","2","","˧ϣܲܲװ[]Ѿ׺üÿζʣʮҳ[]"
"ªҹݸ","","㶫","3467435","6","","10000","1","","׼Ϸµĵ壬[]"
"___֮","","δ֪","86657084","6","","10000","0","","ڡֻô򣡻Ҳࡣ,е˿ҪҪ˵û˼û˼㣬ƫȫеȴúܷ,ҵڶֻ֡īҶʦˣǴ˵ȥˣҾͦõġ"
"򵥰520952","Ů","","26330751","5","","10000","0","","Ҫһµڶһ˰"
"_","","㽭","1960584527","5","EveOneCat2","10000","1","","˵ĶԣһϷ򵥣ʱУٽˣ鲻ҪĽɫһԼ⣬ˢҪһҵԵ⣬߻ͬΪһģϷеĺ"
"ʱ","","","294017554","6","hanser","10000","0","","ûб"
"fy","","","48047334","5","","10000","1","","7.3s"
"ǵsirin","","ӱ","1589874782","3","","10000","0","","Ҫ両̨ʣѲ"
"ӣ","","Ĵ","318087668","6","","10000","1","9","ϣ˵ǰӣ[]"
"֮ززXJS","","㽭","504279505","4","","10000","1","","޶ڡѽ"
"ܳѩ","Ů","ӱ","95429004","6","ϵУз","10000","0","5","Цɳ֮ɳ[΢Ц]"
"Ƥҹ","","㽭","45414962","6","","10000","0","","жһ.jpg"
"īHesita","Ů","ӱ","37159943","6","hanser","10000","1","","[3ʸԸ_]"
"langoo-","","","272858795","5","ѩδ","10000","0","","ʲôʱ"
"˧ϲ˲","","","10463315","6","","10000","2","","һxxxɵ[doge]"
"","","","189978810","6","2߽","10000","0","","úú"
"ľ","","㶫","87298301","6","","10000","0","6","[]"
"ɰ","Ů","㶫","3493138121362164","4","ʳ","10000","0",""," "
"","","","4601770","6","","10000","0","","Mace"
"Ǧʺо","","㽭","6469952","6","ԭ","10000","0","10","23010ֵ[]"
"kaܽ","","","37917970","6","","10000","0","4","ɷ棨ң"
"Zero1_official","","","1405803061","4","","10000","0","","ɰŶ"
"OȦԱ","","","1469204348","5","","10000","0","","룡Ҫ[]"
"ǧż789","","㶫","54397673","5","","10000","0","","˵v3"
"","","Ĵ","23088595","6","","10000","0","9","úú"
"ǰ","Ů","½","385495369","5","շ-ҹܺ","10000","0","","Ү"
"Altair","","","89691373","6","","10000","0","","ʦҲ̫ÿ˰"
"","","","1413442004","3","","10000","1","","ûжһ룿"
"","","","365369973","5","","10000","0","","룺631511500VY"
"MH쵱ֳ","","ɽ","310376570","5","kira","10000","2","","vtĻ飿ѵգӢҲҪƽʱͬλ壿ǧٿ˹ħϲ˽źͬλֲ"
"Ϊ-","","","1425711924","4","","10000","0","","ҵluluأҵluluأ[]"
"D","","","1592419596","4","","10000","0","","عǰ°ɣ1307929824YE"
"","","ӱ","139161990","6","","10000","0","","ôʱ䳤󣬸оѼǳȨʧ֮ǰԼһ[doge]"
"ռȻ","","㽭","442403938","5","","10000","0","","ûк˵һڻع齱ΰзʲôʱ򿪣²ˣ[_]"
"w","","㽭","1561373300","4","","10000","4","","3rd[ѵdoge]"
"ĩ","Ů","","396787117","5","","10000","0","","һ롣"
"ԶԶĴ","","ӱ","619211679","5","","10000","1","","ոĵʱ˵ĶĻɣǻ˵Ϊʲôûˣ"
"ϣ","","","73848032","6","","10000","1","","mhyҿǸˣȰϽųҪҹ"
"ʿ","","ɽ","473696551","5","ħѧԺ","10000","0","","϶ô[doge]"
"_ѧ_ʢ","","","1646753782","3","","10000","0","","631545093CH"
"___","","ɽ","1294064665","4","","10000","0","","òʣϷiOSͰ׿[Ц]"
"ľ","","㶫","384999","6","3","10000","1","13","[call][call][call][call][call][call][call][call][call][call][call][call][call][call][call][call]"
"-ͻ-","","","425432530","5","ѧǡ","10000","0","","о....޶"
"","","ɽ","1175030147","5","","10000","0","","ʮѳ"
"WahlohneBedauern","","Ĵ","11530489","6","","10000","0","9","ʦ˺ôԽԽÿ[doge]"
"ֻһСɽ","","","243836614","6","","10000","0","","ôˬأ[΢Ц]"
"հ","","","1253662246","5","","10000","0","","λæû[3ɹʼ_][3ɹʼ_Ӽ]"
"styup","","Ĵ","27169971","5","2021ͻר","10000","0","","Ѿڱ[Ц]"
"AAAŷҶƽѧ","","ӱ","673964920","4","2233ʮһ","10000","1","","羢­"
"-_-","","","11167968","6","","10000","0","","156285914UP Ұ[3ɹʼ_ͷ]"
"Shang_cy","","","1238834256","4","","10000","0","","159177079HF[ѵdoge][ѵdoge]"
"f","","й","394021240","5","","10000","0","11",""
"ԪĶħ","","ɽ","237522192","5","ѩδ","10000","1","","ĽɫäǴ£»û[ϲ]"
"˺ע","","","3546565893425686","0","","5000","0","","ڴ7.3"
"CapsizedCanoe","","","518747161","5","","10000","0","8","仪ޱ[OK]"
"ҹļ","","㽭","40433051","5","","10000","0","","5trsfx5tcg4p"
"һ","","","494764865","5","","10000","0","","ҲǰӣΪӣʱֵģǸɫɵΪӣֵģΪʥۿռ䣬ϸ˵ţܽ߾飬ĿǰӦûڵɵʥۿռûп"
"ɰɵС","","","2048968219","4","","10000","0","","ȣһµ£ɶ飬ٶûκһ˵ʥۣǶ˵ʹţѾ70ˣԨϲˣһо"
"ЦĹŹ","","㽭","520850255","5","","10000","0","","ȻǱҪʲô[Թ]"
"f","","й","394021240","5","","10000","1","11",""
"","","","697139456","5","","10000","0","","ܲѧһ¹ֵܻЧǿһսеļԣе֣ľ׮һ"
"ѧħֲ","","㶫","7918094","6","","10000","0","","[3ʸԸ_]"
"","","","19620529","6","ڰ˫","10000","0","","[۾]¿죬ܳǩܲ"
"ʮ","","㶫","442953166","6","","10000","0","","()"
"AisenSosuke","","","33120157","5","","10000","1","","ȺǲǲǵɶΪˡ"
"Devildom֮","","㶫","270036403","6","","10000","0","","ñɱ"
"ǧ","","","689408810","4","","10000","0","","Ҫΰϴ[call]"
"_","Ů","","607133017","5","μ","10000","0","","ӺҪ̫ɽţ[][]"
"˧˧","","","20525340","5","","10000","0","","Ϊ㲻͸ô,[3ʸԸ_׼][3ʸԸ_߻][3ʸԸ_ΰ]"
"","","","249127595","6","","10000","0","","Ľɫ,ӻǿ߰ӣ"
"ݤΨһ","","","99877391","5","","10000","0","","䲹°汾̳вûô"
"˫~","","","3908335","6","","10000","3","","СС"
"mini","","","10822928","6","2233ձƷ","10000","0","",""
"ֻ","","","231921719","6","","10000","0","","ڸоøΰȾ˾"
"csk313","","","175106244","6","δ13","10000","0","","5TRSFX5TCG4P"
"СSAMA","","","13733566","6","԰ͷ","10000","0","","ôһ˵ȷʵʦ΢һͳװ[ϲ][ϲ][ϲ]һֱͦȻͦ˧ģԭΪôֵģôһٽʵһоϸ[][][]"
"HOH-_-HOH","","","3493287415515411","2","","10000","0","","һ"
"oRդξ","","ɽ","43588029","6","","10000","0","","ҿʵŮա"
"","","","842734","6","3","10000","0","10","ʶ:˭䳣̬"
"54kgķɫС","Ů","","591442320","4","","10000","0","","˵Ķԣһҵ[doge]"
"ϻ","","","50020524","4","","10000","0","","ʦÿɰѽ[ϲ][ϲ][ϲ]"
"l","","㶫","85712966","5","3","10000","0","","24:55"
"Զ","","","3494380774099206","2","","10000","0","","juejiao"
"Bվʿ","","","19669207","5","","10000","0","","ˣϵ"
"˵İ","","㶫","627046339","4","","10000","0","","úú[doge]"
"DearKianaKaslana","","","1323458443","5","","10000","0","","һ"
"˵","","","3493287293880983","3","","10000","0","","132075806AA"
"߳һ仨","","","514990862","5","","10000","0","","ڼ"
"DHHmay","","","5783062","6","԰ͷ","10000","0","12","[3ʸԸ_]"
"Hierarch_΢ȼ","Ů","","335777780","5","","10000","0","","ޱ"
"һ_","","","33252514","6","Ȼʲô","10000","0","6","ǣ"
"л","","ӱ","556374593","5","","10000","0","10",""
"ΰСͽдΰ","","㶫","178458839","5","","10000","1","","ڣʲôʱҲ͸ѽ"
"hehehehehe","","","213005314","5","","10000","0","","϶Ѿ񱬽ˡ"
"ؼd","","㶫","752722","6","","10000","0","","10"
"ϣgon","","ɽ","31921208","6","","10000","0","","֮Խ"
"ͶҵСа","","","22863130","6","","10000","0","",""
"CSTJSW","","","40408547","6","","10000","1","","⣬ҿʱһֱ룺С촩"
"ζ˷","","","4607843","6","","10000","0","3","ǰհûнӶҲǺϿ[tv_doge][tv_doge]"
"˲Ű","","","389379913","5","","10000","0","","5TRSFX5TCG4P"
"İ","","","178207623","6","","10000","0","","Ҿ˵ëԽԽ֣Ϥⲻ¶ݷ"
"ң","","","182117486","3","","10000","0","","ʲôʱ£"
"˼ʹ","","ӱ","108741904","5","","10000","0","","[]ǣ"
"λ","","","129964310","6","","10000","0","10","㲻Ҳʾʾԭ[doge]"
"հ","","","1253662246","5","","10000","0","","1110141973AH"
"","","ɽ","454593160","4","","10000","0","","5TRSFX5TCG4P"
"","","","350921796","5","","10000","0","","ҪһϷ"
"ﴨ","","","22705245","6","","10000","0","","ˣǰǣ[doge]"
"ްϣ","","","250054771","6","Ļ","10000","0","11","[3ɹʼ_׽]"
"","","㶫","524165884","4","","10000","0","","ڼ"
"WRݤRM","","","436987562","4","","10000","0","","͵ѽ˵ζȸزѽ"
"except_offical","","","204856076","6","δ13","10000","0","","luluأlulu[]"
"","","㶫","524165884","4","","10000","0","","ڼ"
"ӣ","","ɽ","473129511","4","","10000","0","","һ7.2ʲôʱ"
"֮","","Ĵ","441513496","5","3","10000","0","12","()"
"AQRTZU2018","","ɽ","279192578","6","","10000","0","","[ȴϵ_Ү]"
"þPLUS","Ů","","84416384","6","","10000","0","","֪ʶӦⲻ͸"
"ʱԵ","","Ĵ","288486283","5","","10000","0","","5TRSFX5TCG4P"
"Zrb","","","111118635","5","","10000","1","","ohhhhhhhhh"
"","","","34385382","5","","10000","0","","ҵ1110249766EG"
"93374343158_bili","","","434651838","5","","10000","0","","5TRSFX5TCG4P"
"Ҫ6öӲ","","㶫","395711280","5","","10000","0","4","5TRSFX5TCG4P"
"--","","","23243125","6","","10000","0","","5TRSFX5TCG4P"
"q","","㶫","203852","6","","10000","0","10","ֱᵽǸᵽŮշ֮ٴĽɫ,ͬŮա,ᵽŮƽˣҲںսʿӵԶʤյľҲӵеڶ֮׷ɱͼȡ硣,ǱĽˣ趨1.5кȷˡ,ֻҪξ鲻ɾģ˾ǰ϶Ķ壬ϣ߻,涵ŮգǣŮգƽ򣩡,,PSֱᵽڶޱǶһŮտǧһܵޱమɱûɡ"
"bվĬͷ","","ɽ","498530202","4","","10000","0","","εû̫˸оֻڵϲĵ֡"
"С㲻뵱ż","","Ĵ","39495559","5","","10000","0","","һľ飿[ɻ]"
"ԶԶĴ","","ӱ","619211679","5","","10000","0","","ոĵʱ˵ĶĻɣǻ˵ΪʲôûˣɱòУɶϵص޸ıɱ"
"3714356","","ɽ","557751453","5","","10000","0","","5TRSFX5TCG4P"
"_","","ӱ","67158287","5","","10000","0","","֮ǰ͹ʼԴԵ"
"alter","","","543251896","5","","10000","0","","´ܱܲײ[Ц]"
"Swindi","","","630272304","5","","10000","1","","ά˹۰½ڵǻ۸˫"
"Ƥ","","","222280526","5","һװ","10000","0","","ҪһϷ"
"ǵ","","Ϻ","1999582","6","","10000","0","","ԴŪ5ֱ󣬱˵ֱˣһ붼ûõҲôŰɡ"
"ֻ","","","231921719","6","","10000","0","","¼ͣǸһΣȷʵɴ"
"Ϸxo","","","435552919","5","","10000","0","","ܲܿ"
"ÿ","","Ĵ","477100146","5","2021","10000","0","","G!"
"12138","","","24649883","6","","10000","1","","ֵǣ귵ôڼôڲ8500ˮ[Ц]"
"׵ĵ","","","394136305","6","","10000","0","11","ٵ[Թ]"
"СΪؼٺ","","","115100722","6","","10000","0","","ϵǶ͵ˮ"
"Ciallo-","","","123454368","6","","10000","0","","3"
"һǧ","","","49228556","6","ѩδ","10000","0","","5TRSFX5TCG4P"
"ɳ֮¥","","㶫","359041050","5","","10000","0","","ĽɫɯС㻹Ӵү"
"˧˧","","","20525340","5","","10000","0","","׶Ͻ,[3ʸԸ_׼][3ɹʼ_][3ʸԸ_߻][3ʸԸ_]"
"һſ","","ɽ","402744674","5","","10000","1","","ûаæ滮һ£7wˮҪٳ飬ȻҪɫ[]"
"ή","","","1798633505","4","","10000","0","","ңлл[Թ]"
"","","","1506870448","5","","10000","0","","жø°"
"򊅿","","","8044355","6","","10000","0","11","ʦĺ[ϲ]"
"","","㶫","226923509","5","","10000","0","","ʲôʱ°汾"
"ţϷ","","ɽ","1345245787","5","","10000","0","",""
"žgh","","","387236785","5","","10000","0","","˵öԣ϶ҵıǵøҷ"
"¥","","Ϻ","20720493","6","","10000","0","8","5TRSFX5TCG4P"
"","","","24070222","6","Vƻ","10000","0","6","Բûˮˣʥò[][][]"
"","","㶫","12076788","6","","10000","0","","5TRSFX5TCG4P"
"кܶõ","Ů","","300455006","6","","10000","0","10","[ԭ_й۲]"
"-Զϲϣ-","","","524535343","5","","10000","0","","ϵʲôһ[3ʸԸ_ʺˮǹ]"
"","","","358217596","5","","10000","0","","1109391364CJعаæһ"
"о","","Ĵ","1628925949","4","","10000","0","","[ྐྵ][ѵdoge][ѵdoge][doge][Թ][call]"
"һ","","","444856001","5","","10000","0","","V"
"DeLiverancE12","","","695932568","5","","10000","0","","ǣ"
"","","㶫","86142380","5","","10000","0","","ڶңֱ"
"","","ô","1723848","6","","10000","0","","[Թ]"
"ǧάޱ","","","178116908","5","","10000","0","","ˣһˣһԭҵģ԰ɣǲ뷨ǿ常һԭҵİɣһİ[߾]"
"ǳѽ","","½","85610846","6","","10000","1","","ȻһյʱǻŮ̬ġ[][]"
"ĵ·","","ɹ","480196897","5","ħ硤Ӱ","10000","4","","ȥˣ[call]"
"","","","1166874495","5","","10000","0","","[֧][]"
"Ԫ","","","516036705","5","","10000","0","","3ڣ㿴ãûɶô[غ]"
"","","Ϻ","33679167","6","yousa","10000","0","","о̩пڣˮϣȵ"
"۾һһ","","","3493094630624030","4","","10000","0","",""
"㵤-ܽ","Ů","㽭","393865079","5","","10000","0","","[call][call][call]"
"˾","","","49028528","5","滭ͷ","10000","0","","ûĻܣԭ߻ң"
"ִ˿","","","381922777","5","2021","10000","0","","5TRSFX5TCG4P"
"װ","","㽭","199512786","5","ϵУЫ","10000","4","","˵öԵϵabк̬Ѷ̫治Ҫĳл[][]̤ԭЦѰ˼Ǵȷ˵ЩoĴүǲôܰɣκųƶϷڶƬ˵ʲôﻹܾѣβ߻СԷȫⶫǲܷ赽̶"
"ѩ-","Ů","","591554447","4","","10000","0","","ڣ͸sss ѧϰΣ[doge]"
"Kyunaxia","","Ĵ","33308866","6","","10000","1","","uiл"
"δUNknown","","","23382132","6","쳣","10000","0","","ݮС"
"","","","225545584","5","","10000","0","","5TRSFX5TCG4P"
"佾","","ӱ","1808407259","5","","10000","0","","ϵǣ仪[OK]"
"򊅿","","","8044355","6","","10000","0","11","꣬Ҿ÷ΧǺܻģرʦÿɰǸо͸¶еˡ"
"һҶد","","㶫","673939258","3","","10000","0","","[΢Ц][΢Ц][΢Ц]"
"Сee","","","392145933","6","","10000","0","","ĻؾUI"
"˷¹ǳ","","ɽ","477841112","5","","10000","0","","Ҳ˵sҪÿ汾͸ʮ[doge]"
"Ϲ","","","22416098","6","ҹ","10000","0","12","ǧس"
"ӹ","","","102943386","6","ϣHiiro","10000","0","","5TRSFX5TCG4P"
"yaozhiming","","","283676741","6","ѩδ","10000","0","","ɳ"
"Simon","","㶫","245853276","5","Ϲؼ","10000","0","","ӣ[΢Ц]"
"֮ӥ","","½","8418964","6","","10000","0","","ȴÿ"
"ǳ","Ů","㶫","241672304","6","","10000","1","8","һϷŶǱԲߴ"
"ի","","","437358065","4","","10000","0","","ޱв"
"ҹ","","㶫","8285522","6","","10000","0","","ձ"
"¾","","㶫","275503254","6","῭¶","10000","0","7","ǲݮСأ[]"
"6323012","","","486436792","5","","10000","0","","˳ǰհÿ"
"","Ů","ӱ","1934908405","3","","10000","0","","ڶ[]"
"˿","","㶫","226963704","6","","10000","0","","û˼"
"Lyinnn","","","6175422","6","","10000","0","","ΣǰհصеѶ"
"ʽĴ","Ů","","2062845561","4","ҼҴʦп","10000","0","","7.2ǰհֱ[ѵdoge]"
"Ѫ-","","","26075194","6","","10000","0","","ݮڣĿֵνԲ˿[ҿ]"
"","","㶫","190119914","6","","10000","0","","ҪڶǰհԱãqɫܣ"
"޵еͿɽ","","㶫","520308134","4","","10000","1","","ûжһ"
"bili_87431989704","","ӱ","3537125534337309","3","","10000","0","",""
"δ֪ð","","","37077956","5","","10000","0","7","ȥȻֱ[Ŷ]"
"ɶ","","","108403510","6","","10000","0","","ʦ·оƯöడ[call]"
"luffyU","","","22639172","6","","10000","0","10","ûвԷϸ˵һָС"
"Suit_you","Ů","","382787620","6","","10000","0","","һ"
"-","","","242692239","5","","10000","0","","ɿһů[ѵdoge]"
"ǳSummer","","","20350563","5","","10000","0","","[Ankii_]"
"Ķ","","","32484535","6","","10000","0","","[3ɹʼ_cool]"
"ʯԭ","","","433257627","5","","10000","0","","ΪʲôûýͲͽɫ[ѵdoge][ѵdoge]"
"ܾؼŵ","","","17293917","6","","10000","0","","װ"
"ð˸Ը","","","477806220","5","","10000","1","","ԭ     ԲߴƬ[۾]"
"ֹ","","δ֪","609889495","5","","10000","0","","صv2"
"ĳè","","","22369","6","3","10000","0","","ĿǰΪֹнɫȫҵи˰׸sssһûУҲûг뷨"
"ʫﺮ","","","518837592","3","","10000","0","","ʦÿ"
"繵","","","4949916","6","","10000","0","","ë ˭һ쵽ôˮɫʥ۰ ԽԽ"
"kmle","","㶫","23185776","6","yousaϲȵ","10000","0","8","[call]"
"","","","17998643","4","","10000","0","","hurry"
"","","","3537114369100774","3","","10000","0","","û[][][]"
"","","","478227086","5","","10000","1","","[doge]"
"_ɵ_","","㶫","448428949","5","","10000","1","","ɽʦЦĺô[doge][doge][doge][doge]"
"Ҷ","","","176957208","6","","10000","1","","[doge]"
"źС","","½","398239132","5","","10000","0","","ݮСأ"
"_","","Ĵ","434675054","5","","10000","0","","ʦúÿ[3_һ仨]"
"÷","","","306996535","5","","10000","0","7","666666666666666666666"
"","","ɹ","278936969","3","","10000","0","","úÿ"
"Ͱɾѽ","","½","471668764","5","","10000","1","","ҳ"
"-","","","282141473","5","","10000","0","","϶ǵɯı䳤״̬"
"ħ","","","51772359","6","","10000","0","","һ[doge]"
"","","","1813021360","4","","10000","0","","ˣһ˺ûʼ"
"ط","","ɽ","589387963","5","","10000","2","","ݮСǱΪʲôϽĿˣ"
"ǳѱ_ռ","","","501705145","5","","10000","0","","[doge]"
"쳾ᶵ","","㶫","416065458","5","","10000","200","8","[doge]ղҵ"
"\ĭa","","","153248921","6","","10000","0","","ѧѧ"
"July","","ɽ","525808466","5","","10000","1","","[Թ]"
"","","","382282156","5","","10000","0","","ӣ㿴µǣ㲻ʾʾ[doge]"
"-ͩ-","","㶫","23994286","6","2233Ǽ","10000","4","","㶼Ϸˣٵһûô[Ц]ϽҰ"
"ՠ","","ɽ","229582400","6","3","10000","0","7","о......[doge]"
"Ĭľ","","㶫","478166335","5","ղؼ","10000","4","","治Ǳеˣʲôʺ඼ó[][ྐྵ][ྐྵ]"
"֮","","","34633485","6","","10000","0","","Աһż񰮽ʹȭ"
"","","ɽ","209672304","5","","10000","0","",""
"Ҹ","","","17740557","6","","10000","0","6",""
"Ping-233","","","34676799","6","","10000","0","","ڱ3粼ֵ"
"ĺt","","㶫","9051859","6","","10000","0","","ĲƸʵƫʦӦǻΪôĺã[][][]"
"_ҹ","Ů","ӱ","248658016","5","","10000","2","","üһ"
"˾sy","","","353240140","5","","10000","1","","һ[doge]"
"ԭ-","","","65851381","6","","10000","0","","СôͷһҲһɷԭָտɴ[call][call]"
"ĺ","","","1843122097","4","","10000","0","","[Թ]"
"0ѿ0","","","6117592","6","","10000","0","2","ع120953574YGףλһʮҵ[ѵdoge]"
"ССѽ","","","7728482","6","","10000","0","","ɽÿζĺöĺÿɰϲ¶¶ĸϲɽߣɽ·ʲôʱҪ"
"ҹм","","","351757708","6","","10000","0","9","1415ܵʱֱɢǰɣ˭[ī]"
"","Ů","","1584941456","4","","10000","0","",""
"","","㶫","104384671","6","","10000","0","3","ôˣֱǰհôġǸһϷˡ˶[Ŷ][۾][˼][]"
"Ƽ","","","229588028","5","","10000","0","","ʱ"
"svcmfetdsc737","","ɽ","305633343","4","","10000","0","","ֱһɶ"
"TruEaaa-","","","1770046270","4","","10000","1","","ȥ[]"
"","","ӱ","10574207","6","3","10000","0","","28"
"CapsizedCanoe","","","518747161","5","","10000","0","8","û£һСʶҾͺܿˡ[]"
"Сʹsuki","","ɽ","1947055529","5","","10000","0","","оɽֵĺúŶ[3ɹʼ_]"
"֧","","㽭","366374460","5","","10000","0","8","[3ʸԸ_][3ʸԸ_][3ʸԸ_][3ʸԸ_]"
"yfisgc","","","1903422214","4","","10000","1","","[]"
"f","","й","394021240","5","","10000","0","11","ֽ"
"м","","","278088011","6","2021","10000","0","","ҵֿ[call]"
"ƽ","","Ĵ","515650019","5","","10000","0","","ǿվһλ"
"L","","㶫","600314314","5","","10000","1","","ڷ[doge]"
"󲻸","","㶫","39892789","5","","10000","0","","ҮרҵԱ[Թ]"
"c","","","1450686987","3","","10000","0","","ոճͿ"
"--è","","㶫","393661838","5","","10000","1","","[ϲ]"
"","","ӱ","290700389","6","3","10000","0","","[Ŷ]"
"-׾","","㶫","381579971","5","","10000","0","","[doge]"
"ӦʳƷ","","","475699660","5","3","10000","0","","ڶʮ[doge]"
"ʲôƹ","","","397236638","5","","10000","0","","ȥ һ쵽 90aԸһ Ӳ"
"Starlight","","","168864890","6","","10000","0","15","[]"
"°","","ɽ","214992895","5","","10000","0","","ֻб仪"
"ְ","","","1928222321","5","","10000","0","","ʲôɷ"
"˵н","","ɽ","176106129","6","EDGս","10000","0","","㿴[doge]"
"","","","1458621990","5","","10000","0","","һ[call]"
"","","Ĵ","191316733","6","ԭ","10000","0","","찡"
"ī","","㶫","173060750","4","","10000","0","","[][][]"
"С","","㶫","354554475","5","","10000","1","","1"
"Ӱ֮Ҷ","","ɽ","37956606","6","","10000","0","","׹ξܶ"
"Һ˵","","","86810720","5","","10000","0","","ܲܰuiĻȥµҲ̫"
"er","","㶫","403059865","6","Ҷ","10000","0","","սն[]"
"0721Ciallo","","㽭","628318956","5","","10000","0","","[]"
"Xm","","","113593250","5","","10000","1","","϶ʥѡ[ٱ]"
"ҹ","Ů","","219578733","6","й2nd","10000","1","","϶ң[_][_]"
"ʿح","","½","42594172","6","","10000","0","","[]"
"ɽ_","","ɽ","19474294","6","3","10000","0","9",""
"ɳ541","","","381656924","6","","10000","1","","㶯īȲһ㡣"
"ɽ_","","ɽ","19474294","6","3","10000","0","9","ûԭȴԭĲ[]"
"ŗ@","","","551899","6","ԭ","10000","0","","ˮһôǲǴˣ"
"","","㶫","1346430643","5","","10000","0","","ɽluluҶԳ"
"RԶϲϣ","","","68396274","6","3","10000","0","",""
"ڽгر","","㶫","73430071","6","","10000","0","","13c'h"
"«֮L","","Ϻ","85230011","5","","10000","0","","϶[doge]"
"ȻؼLyr","","Ϻ","1913773084","5","","10000","0","","ˣ"
"ذ","","","33198522","6","","10000","0","","AA"
"˼","","¼","1789509","6","","10000","0","","ϲɽС磬"
"ײؼEX","","","339977768","6","","10000","0","11","Ҳ͸[doge]"
"ӣׯd","","ӱ","498550533","5","ԭ","10000","0","","ҪҲ"
"ͼ","","ɽ","19991703","6","ԭ","10000","0","10","ȻǱͱһǰհ˲©˱һ"
"Jack","","","454730367","5","׺","10000","1","","˵ĶԣǡһҪģƨɿᡱ[Թ]"
"ҹ_","","Ĵ","199618182","6","","10000","0","7","õ[_]"
"ԶԶĴ","","ӱ","619211679","5","","10000","1","","ոĵʱ˵ĶĻɣǻ˵ΪʲôûˣɱòУɶϵ"
"bananaMace","Ů","Ϻ","1589613","6","԰ͷ","10000","74","6","˵ʵĳҹʦ˵ ˵Ҫг볡 ʱ Űɵģû뵽ǻܸг[3ɹʼ_ë]ţţ[3ɹʼ_ָ]"
"Expect_My_Death","","","1581174279","4","","10000","0","","˧ֺ"
"","Ů","ӱ","595261491","5","","10000","6","","һޱ"
"AIƵС","","Ϻ","1141159409","4","","10000","97","","һ37.2汾ǰհرĿɽߺͼα°汾ݣɫƺϷ淨رǸɫװס,00:28 - ɫʦԼʱɫ,03:14 - 汾PVڣ˷װƺ°汾,06:03 - ɳ֮ԽսɫɻԪ˺ḻ淨ݷḻ,3½ɫ˼·ΪͼԦ⣬ʦԼ٤޵ĸ淨֡,08:38 - ɫ˼·ǻʦǿʽͱı֡,10:38 - ʦɫҪϸڣ綯ȡĵȣֳ߹ķ,12:23 - ٤ǷɫΪ֮һ淨ơ,װ׵ʥ۽ܣԼװ׵淨ı˼·ͬʱ˰汾Ĺںͽݡ,16:42 - ϷҪƽÿڣҸɶȡ,17:42 - ϷҪɶȣ⡣,22:19 - ϷƳһߺͳһ䣬ԼƼʥװ黨֮ζ,ġ°汾Ļݣռ衢ءɫרܵԪأ·װݳݡ,25:00 - һ˽·;ռֵͨ䵯Ե˺,25:50 - ÿɫԼĶصרĵ裬Ըݵѡ񹥻Ķ,26:57 - ԨжһӼ֮޵ȫ·װˮģԼֽᾧȽ,塢°汾7.2е»;飬֮ǡؽսĻݣͬʱҲ͸¶1.5ĺĺάĹ¡,34:21 - »淨ؿսؿ,35:20 - ϸܻеĿɫͼʹ,37:46 - °汾ĻؽսĻĸؿչؿĻƺͽ,ԭϷݣڶĹڡ½ɫ,--AIƵСɣעAI@͸һ ٻ"
"YuanNuoZ","","㶫","10000022","6","-","10000","1","","оûô"
"ҹѽ","","㶫","43109327","6","","10000","0","4","ڣUIһ£"
"b¡","","","35657405","6","","10000","1","","uiʲôʱ"
"֮","","㶫","6347801","6","","10000","1","","һֱȱЩ޸С֪ǲˡ(3"
"ȴЩ˺","","㶫","437194205","5","","10000","72","","ûһûģ˭[doge][doge][doge]"
"Ę@","","","493898160","5","","10000","18","","UIУãɫҽͣأȥ֮߾ͰʥӶ˿ˣǷ[ը˰  _]"
"ǵٳ","","㽭","3493135369898333","3","","10000","2","","ʵڲУҪҲ͸ˣЦ仪£3rad"
"԰","Ů","","227327472","6","","10000","42","","ֻҪһ飬UI롿ģΪ̶ܴӰϰߣಿûɶ˵Ҳûɶʸ˵ΪҲңʹѡְ"
"-ajsjj","","ɽ","437694761","5","","10000","1","","[΢Ц]"
"ѳľ","Ů","Ϻ","325917893","5","","10000","1","","Ϊʲô»һPV,Ȼô˵е㲻 ɫ涼׼׳鿨,Ÿl2dǺ cglive2dģ"
"Ⱒ","","","522295129","5","","10000","0","","˵ios11ˣ"
"ͽOvO","","","372577108","5","","10000","42","","һĽ͸ôônia[doge]"
"_YouJin_","","","470727211","5","","10000","9","","ڶˣ޶Ҳ͵㲻ְɣ"
"ǵ","","㶫","39654262","6","","10000","14","","ˣ͸3s𰲻ְ[Թ]"
"޸ǳҪҰ","","","425406967","5","","10000","24","","#ԭ# άصĳ项,ðţάء,ϤĿһЩұйصԸţˡֱԡ,صİţ֣,֪ʶӦͨƷˡҴҸˣҪѧϰƷµĻᣡ,ǡ,Ŀıע,Ŀ飬Ϊ˸лߵ֧֣4.3汾õǹԸ  4.4汾ǰħ񡸲ˡʼܺ߼ʼȡ͸ĳάأˮ*1,ٴθлάصĳ飡,,ת齱,עת̬άؽ1222ճȡ10λ߸áɫܱߡһݡ,,ٷ΢ԭ,ٷںţԭ"
"hsţǰ","","ɽ","357175583","5","","10000","2","","[]"
"ָ󹫾Ӥ","","","1861056960","4","","10000","222","","ǱܴңԪ޷ҵ"
"·С","","㶫","386257431","5","","10000","38","","׷β˱ֱӴˣ"
"ȱʧԴ","","Ĵ","161967973","6","3","10000","4","11","л[3_Է],桪ˣˣ,ˮһ룺5TRSFX5TCG4P,[3_ɱ][3_ɱ][3_ɱ]"
"ϣŵ","","","677463533","4","쳣","10000","3","","񣬺̫[Ц]"
"ǳɰߺ","","","342768288","5","","10000","3","","۶[֮_Ү!]"
"΢â","","","436209022","5","","10000","263","","һһ汾ˣͻȻоǳ"
"ŷ·Ӧ","","ɽ","1086320435","5","","10000","2","","ټȲȥ2.0"
"ά","","","385545563","5","","10000","2","","֮Խ"
"ɽʼĴ˵","","㶫","166359220","6","","10000","1","","벻Ǹ涺ŮΪʲôھͬһˣƽƽеȥ˻֮ҵһѵЩڵϴ"
"Բ","","ӱ","667698561","5","","10000","1","","ô˵أʦڻӰӽκͽȭˣǱǲǡȿ"
"԰а","","Ϻ","42880066","5","","10000","6","","һһȷ[Թ]Ͼ3rd[][][ѵdoge]"
"չ","","","347191556","5","","10000","6","","[ٱ]"
"Խʹ","","","409111680","5","","10000","1","","һϷһҵϷԲߴ"
"Expect_My_Death","","","1581174279","4","","10000","2","","ĻؾUIɯ⻮"
