"昵称","性别","IP","UID","等级","装扮","用户权重","获赞数","粉丝团等级","评论"
"天染v","保密","无IP","84423474","6","","10000","2677","","卖零食附送水晶码销量巨增[蛆音娘_滑稽]"
"千石学长","男","无IP","32391204","6","","10000","452","","差点跟着节奏唱起来shake it off"
"y~鸸ZYF","保密","无IP","37632736","6","花园Serena第二弹","10000","323","","9600警告"
"无敌小强2代","男","无IP","236017343","5","","10000","154","","看看你们的评分吧，7.7了，长点心吧！tap上评分多少了？还扯这没用的呢？把这游戏当快餐游戏榨取剩余价值吗？非得等策划把游戏作黄了才知道后悔吗？能不能把崩三口碑挽回一些？"
"太空王子","男","无IP","2021065","6","","10000","113","","贵的奇怪了，昨晚特意去家乐福踩点看格力高的百力滋大概多少钱。沙拉味3.6元蓝莓芝士3.6元最贵的口味每盒不超过7元结果这边10盒折后价98，不然原价3位数，均价近10元/盒6盒要48，8元/盒。相当于我拿买最贵的6.8元孜然烧烤味来买最便宜的3.6元的沙拉味。这钱就当我是花钱来买兑换码来买家具算了，但这价格是真的迷，求解释求顶。"
"尘华Motu","男","无IP","142993501","5","","10000","61","","一联动就有一大伙人说买不起，一开始卖抢的比谁都快(_`)"
"你喜欢什么颜色呢","男","无IP","13145460","6","","10000","25","","我看了一下价格，十盒加一个挂件卖98！！！,而隔壁店铺8盒只要30块钱，这米哈游和百力滋是不是想钱想疯了啊，就这么想压榨玩家的信仰吗？？？"
"超小学级的天然呆","保密","无IP","2338774","6","","10000","22","","很喜欢符华这套衣服~~希望以后会出皮肤"
"梦凌_akiyama_yume","女","无IP","11702737","6","国民老公带回家","10000","17","","百力滋10盒在某宝只要39.8，联动之后98？买了送月卡兑换券么？？"
"缪缪的佩洛","男","无IP","27999037","6","原神","10000","15","","六包48十包98，定价鬼才"
"库鲁萨K","保密","无IP","21061816","6","","10000","14","","卧槽，天猫旗舰店，15盒装的66元，联动的10盒装98元，一盒贵了5.4元(°°)"
"熵-夜魂","男","无IP","316199971","5","魔法学院","10000","13","","异界相遇，尽享美味[doge][脱单doge]"
"玄牝-之门","男","无IP","114296804","5","","10000","11","","好像吃美少女味的泡面"
"中二狂魔onlylove","保密","无IP","17153791","6","","10000","8","","你既不发水晶，又想要营业额，我们很为难啊[小电视_笑]"
"夏天要加冰","男","无IP","38571266","6","至尊戒","10000","8","","我只是把别人训练的时间拿来打工罢了！      ------某白毛女武神"
"抱抱我的纸片人老婆","保密","无IP","88285485","6","","10000","8","","崩三已经不在乎了，使劲压榨完最后价值，崩四都确定准备在2019下半年出了，出崩四后重新进崩三，因为崩四可能会重复崩三的调性，骗氪呗，崩三可能会良心点类似于现在的崩二吧"
"风真伊吕波Official","男","无IP","432358056","6","","10000","8","","早期什么都联动是吧"
"哈哈哈第365号","男","浙江","292022911","6","","10000","6","","啊，曾经还有这种东西吗？[辣眼睛]"
"神难葬者","保密","无IP","692801303","4","","10000","6","","当年我在学校直接把超市巧乐兹给清空了，花了不少饭钱"
"坠向天空的猫","男","无IP","83276376","6","","10000","6","","上仙的为什么是超细的？不会是在暗示什么吧？"
"不列颠的精神","保密","无IP","11783405","6","崩坏3・天穹流星","10000","6","","谁要看这个啊？姬子和氯化钠对决之美工拯救策划才是我们想要的啊啊啊啊啊"
"账号已注销","保密","无IP","12295482","0","","5000","6","","崩3就只会和零食厂家联动吗？就不能和别的什么游戏联动一下，就知道联吃的东西[小电视_太太喜欢][小电视_无语]"
"不到两米的小矮个","保密","无IP","167514509","6","魔法学院","10000","6","","有人试过把那个琪亚娜那个魔方打码吗？效果显著(｀ω)"
"y~鸸ZYF","保密","无IP","37632736","6","花园Serena第二弹","10000","6","","睿智司马侧滑不要扔，裹上鸡蛋液，粘上面包糠，下锅炸至金黄酥脆控油捞出，律者、女武神们都爱吃，隔壁舰长都馋哭了c(`Д)"
"为了难波重工的梦想","男","无IP","96808104","6","","10000","5","","我们这里有百利滋，就是没跟崩崩崩联动的版本。。。"
"数字信号处理","保密","无IP","4390616","6","崩坏3・天穹流星","10000","5","10","98礼盒，大盒子压成个铲铲，小盒子十个里面只有三个完好无损，竟然还有一盒是普通的百力滋不是联动装......,而且看评价，有这问题的不是一个两个而是一大串...,某猫旗舰简直有毒..."
"90860","保密","无IP","28270695","5","","10000","5","","完了崩坏三评论区咋那么多暴躁老哥呢，我直接点了，他们就是嫌想拿到这奖励太肝，出货率怀疑你改了，还有有些角色被削得过分。"
"Emilia丿","男","无IP","2383699","6","","10000","5","","99块钱10盒  62块钱15盒 你当我傻子吗"
"想做莫娜小姐的狗修金","男","无IP","19130719","6","原神","10000","4","","学校的小卖部居然有[小电视_汗]就是只有板鸭的[小电视_汗]"
"我花6个硬币","保密","无IP","251249593","4","","10000","4","","符华的那个超细，超级多，一根一根的吃花了我一个小时才吃完一包啊！不过符华我老婆"
"洛卡Rohcard-33","保密","无IP","11690884","6","良辰美景・不问天","10000","4","","第九章动画短片呢？！！"
"维他焖烧杯","男","无IP","8164618","6","良辰美景・不问天","10000","4","","附赠水晶兑换码，销量能翻个俩三倍信不信"
"浅唱小忧伤","男","无IP","105526560","5","","10000","4","","10盒98，你怎么不去抢呢，给个优惠券我也能接受啊( _f｀)亏我双11花了600买齐了抱枕，反正这么贵我是不会买零食的。等它打折了指不定10盒只要58"
"最速半灵","男","无IP","17297229","6","泠鸢yousa登门喜鹊","10000","4","","不如出个mod把女王射出去的矛改成百利滋吧[小电视_笑]"
"高塔之上","保密","无IP","74200923","6","国民老公带回家","10000","4","","98才10盒有点黑吧[小电视_汗]"
"深渊の帕瓦","男","无IP","34259950","6","","10000","4","","不应该是80级玩家每个人一箱吗？"
"伞木冢","女","无IP","14448271","6","良辰美景・不问天","10000","4","","联个动比平常贵60块。。。。。这就是为爱买单吧( _f｀)"
"喜食四季大枣","保密","安徽","661419230","5","","10000","3","8","2023.3.3"
"挥手镇苍穹","保密","无IP","187702892","6","","10000","3","","换了一个电脑桌。。。"
"迷迭香zc","女","无IP","259171476","6","","10000","3","","为啥上仙是超细？"
"电话大公爵","保密","无IP","156689450","4","","10000","3","","有泰坦模型或者食玩出售吗？"
"渲勇者","男","无IP","46755645","6","","10000","3","","死宅的钱真好赚（大声bb）(｀ω)"
"再靠近依点点","保密","无IP","301413162","5","2020拜年祭（鼠）","10000","3","","1000水晶我不要，我只想要回那个傲娇的琪亚娜，那个懂得照顾人的芽衣和樱，那个总是面无表情的布洛妮娅，那个经常和我们去酒吧的姬子，那个经常想和我们睡午觉的德莉莎...还有我们充满了打闹和欢笑声的休伯利安"
"崩坏3咸鱼舰长","男","无IP","73819123","5","","10000","3","2","那个…关于崩三的剧情，我不知道最后会不会灭世，但是无论如何能让舰长最后出来一下吗！？如果原本是灭世的结局的话那么能不能让舰长来结束这一切！？表面是个崩坏不适应的小菜鸡，其实是超级厉害的人，然后用自杀的方式和最后boss同归于尽，保护这个世界（其实是保护老婆们）！这也是舰长能为崩坏世界做的最后一件事了吧！（话说好歹也要让我们逞一次英雄吧）(｀ω)"
"嗷嗷嗷呜-","保密","无IP","82943803","4","","10000","3","","别的游戏：我们和别的游戏/动漫联动了快来看啊(),崩坏三：追求美食联动无法自拔 (*°°)"
"{州中学猎牛人","男","无IP","4431833","6","公主连结凯露","10000","3","","鬼才联动策划，别人联动都是游戏之间，IP之间，米哈游就不同了，全是吃的"
"丨Sable丨","男","无IP","5612901","6","原神","10000","3","11","说实话最近对米忽悠真的挺失望的 三才出多久你们又要做四 还有9600 你们就那么缺钱么"
"bili20170402","保密","无IP","100591421","5","","10000","3","","提醒你们一下，尽量把流量导到官方论坛，不然你们自己的论坛很快就凉了"
"地瓜为什么这么甜","保密","无IP","166271018","4","","10000","3","","10块钱一盒，我去，死宅的钱真好赚"
"凤凰灼灼","保密","无IP","12595629","6","","10000","3","","之前弃坑很久直到琪亚娜给我寄了一箱薯片[洛天依_无言以对]"
"沃布道ahh","保密","无IP","6330704","6","明日方舟音律系列","10000","3","","崩三这游戏孤儿真是多，上次深渊喝了几瓶药没打到25就有人在我留言板下面嘲讽秀优越，我也是醉了[2233娘_喝水]"
"我永远喜欢万笙笙啊","保密","无IP","5674391","6","","10000","3","","98一个挂件＋纸盒收藏吗...我还不如去买散装10盒...[我家大师兄脑子有坑_汗]"
"色萋画が好きだ","保密","无IP","35550824","6","","10000","3","","加油加油！但愿越做越好[蛆音娘_卖萌]崩坏四明年就出的话，挺期待的"
"休比ヒュ","保密","无IP","95242972","6","","10000","3","4","什么时候和卖包菜的联动啊(￣△￣)"
"玄幻天凡","男","无IP","297628786","6","","10000","2","4","这是我登上战舰那一天看到的宣传视频, 就是这一跃而下的镜头深深吸引着我的眼睛. 现在他变了变得陌生而又疏远, 没有，当时我在所有游戏中看到他那种感觉了。但是我不知道该说些什么, 人都是会变的，何况是一个游戏, 一个四年老玩家。游戏名称，玄幻天。应用宝服和国服一区"
"泰坦电池","保密","陕西","1689547191","4","","10000","2","","恶徒受伤"
"路过の某人君","保密","无IP","81682896","6","原神","10000","2","10","个人非常喜欢板鸭的两种口味，感觉上仙的冬阴功汤味有点微妙…"
"藤和爱利欧","保密","无IP","4108906","6","","10000","2","","快点联动一下什么泡面牌子整个美少女味的啊[小电视_害羞]"
"贤狼香辛料","男","无IP","27767414","6","","10000","2","3","如果是百醇或百奇就更好了"
"是骚话莲哒","保密","无IP","41448193","6","","10000","2","5","拒绝购买！一是没钱，二是为啥我要买一群打我的人代言的东西啊（/TДT)/"
"无止尽の东方","保密","无IP","1516418","6","","10000","2","","买了两箱，现在在考虑如何快速推销给周围人吃掉拆盒后的百力滋[2233娘_吐魂][2233娘_郁闷]"
"终焉_知修","男","无IP","38661075","6","少前小剧场","10000","2","","怀念，我到现在还留着"
"黑丝阿符","男","无IP","34325607","6","","10000","2","2","我跑了一下午，跑遍了我们村所有超市，一盒联动的都没找到"
"乒---","男","无IP","39342673","5","","10000","2","","硬广说成联动，宅不等于傻"
"怎么什么名字都被注册","男","无IP","34185183","6","hanser","10000","2","5","明明5000份到凌晨一点零一才全部买光，这一个小时还抢不到？虽然刚好十二点的时候卡的买不了单，我买完的时候才卖出2000份，玩家太可怕了，我就不明白了一个小时还不够时间买吗？"
"绯红圣言","保密","无IP","948947","6","","10000","2","","只有娘炮才会吃这个！跟你们说，蓝莓味的最好吃。"
"ヴェルサアンシ`ン","保密","无IP","139028168","5","夏诺雅","10000","2","","有毛病？零点发售你让鬼去抢?还限量正常睡觉的人怎么说？近期内容都够睿智的了不料所谓联动也这么睿智?惹不起惹不起，赞收好，无话可说。"
"樱栗灬","男","无IP","2741721","6","","10000","2","","过来看停服讯息的哈哈哈哈"
"艾伦-耶革","保密","无IP","149588514","6","","10000","2","","解释一下为什么突然停服[小电视_发愁]"
"凌珑白云","女","无IP","353198040","5","","10000","2","","原来4r 如果跟你联合卖的翻了一倍 没完(s°口°)s(┴―┴"
"七六六六六","保密","无IP","3305716","6","","10000","2","","2年了，你就没和我喜欢吃的东西联动过"
"傻楠狗","保密","无IP","44707328","6","","10000","2","","布洛妮娅在炒股？？？"
"雪洛祈","保密","无IP","12796929","6","原神","10000","2","3","米忽悠呀，米忽悠！之前忽悠我买肯德基，现在又忽悠我买零食！你怕是不知道我这只肥宅想保持100斤的体重是有多不容易！  ,嗯呐，这百力滋的包装真脆 ，咬起来真好看！          ( ` )"
"SV-98酱","男","无IP","952704","6","","10000","2","","崩坏3的联动就没有一个照顾到了我们这些海外玩家的[小电视_哭泣]管他什么油炸烘焙食品有多难吃有多腻，拿牛奶一泡都是早餐，我只想要水晶我想要家具我想要礼物[小电视_哭泣]"
"请赐予我一个没人用的昵称吧","男","无IP","103387008","6","","10000","2","","请务必要给80级的舰长免费送一箱()"
"黑猫今天吃饭了没","保密","无IP","32070571","6","花园Serena第二弹","10000","2","","其实我想说。。。你们有没有发现和崩坏联动过的，基本都凉了[2233娘_疑问]"
"老沐ocean","男","无IP","23730666","6","国民老公带回家","10000","2","","草履虫：谁知道这又是什么破玩意儿, ,真香"
"昏阳泽明","男","无IP","29368143","6","#EveOneCat","10000","2","","所以说姬子的那个短片什么时候放出来啊……,这都多久了一点消息都没有……"
"微风昔年","保密","无IP","28257267","6","","10000","2","","在游戏里打这么多零食广告的，我就服你"
"AvA向晚","男","无IP","14415634","6","-阿库娅","10000","2","","为啥不是百醇白奇，对百力滋无感"
"MindYourNose","男","无IP","13525274","6","少女前线","10000","2","","评分低主要是80级肝帝老玩家刷不出东西抽不到东西导致的。。。,我这种休闲零氪玩家感觉这游戏没毛病(;_)"
"-AAaaaa-111","保密","无IP","100479319","6","","10000","2","","我感觉可以和康王联动(｀ω)"
"陌秋丨","男","无IP","17471314","6","","10000","2","1","所以是百力滋找崩坏三做广告还是崩坏三找百力滋做广告⊙⊙"
"开门KFC","保密","无IP","84235911","5","","10000","2","","那么，在哪里可以买到呢？"
"一个D2黑魔","男","无IP","13163118","6","","10000","2","","每次卖零食都有你CCC琪亚娜"
"陈F泽","男","无IP","205928479","6","","10000","2","","买零食送电脑，如果你这么说可能火爆"
"水墨月影","保密","无IP","201066797","6","初音未来13周年","10000","2","","只要9600，冰雪女王带回家！"
"心神冠","男","无IP","260379876","6","","10000","2","","投了两个硬币，我想要符华的那张图"
"双向单相思","男","无IP","11155157","5","","10000","2","","所以是不是有百力滋同款的武器"
"八紫","保密","无IP","23174286","6","三周年恋曲","10000","2","","真实周边公司[小电视_无语]"
"ApproachingZcx","保密","无IP","22058950","6","","10000","2","","这个文案一股街边广告的感觉。。。"
"平穷巫女灵梦","保密","无IP","87438958","5","-阿库娅","10000","2","","第一"
"原音Mzyk","男","无IP","236062553","6","初音未来13周年","10000","2","","是不是买一箱就可以赠送一个草履虫抱回家过年啊[蛆音娘_卖萌]"
"AMCody","男","无IP","263096602","6","魔兽世界・暗影国度","10000","2","","[原神_哼]"
"琪亚娜-芽衣-姬子","保密","无IP","24113192","6","崩坏3・天穹流星","10000","1","","这个我也没看过。"
"FishpondCoach","保密","无IP","49776428","6","","10000","1","","学校小卖部全是布洛尼亚的。。。"
"一位沙雕的小号","男","广东","541973314","5","公主连结可可萝","10000","1","","我后悔了，我那年怎么没有入坑啊，我的符华[大哭]"
"heittai","女","无IP","39284534","6","","10000","1","","今天逛超市才发现……"
"桃源灯里","保密","安徽","396298057","6","魔法学院","10000","1","","[酸了]"
"无血青锋","男","无IP","350171358","5","","10000","1","","为啥我六盒都是电脑桌？"
"北豳故人","男","无IP","16029358","5","巅峰荣耀","10000","1","","真是昔日崩坏女王先沦为打工少女，究竟是人性的扭曲还是…"
"买个辣条也用卷","男","无IP","7138410","6","2020拜年祭（鼠）","10000","1","","要是还送水晶岂不是销量猛增，其实我是为了尝尝加附送个台历[芮小凸小凹_喜欢]"
"一个孤独流浪者","男","无IP","380586927","4","","10000","1","","什么时候崩坏三也打广告了？"
"_岚风_","男","无IP","21184240","6","","10000","1","","，，，我们这没有"
"账号已注销","保密","无IP","159157025","0","","5000","1","","买零食送帕凡提哟！[蛆音娘_机智]"
"阿底vit","男","无IP","347204203","6","","10000","1","","买个电脑，再把宿舍名改为xx网咖，三房间全填满，经营游戏崩坏三，美滋滋"
"白鲸薄荷糖","保密","无IP","65375486","6","少前小剧场","10000","1","","新的cg快，gkd"
"哈密瓜小山楂","男","无IP","20020648","6","","10000","1","","所以新的cg呐"
"Koyori_","女","无IP","3358860","6","2021拜年纪","10000","1","4","刚看了游戏公告，好像双十二还有一次活动，在mihoyo旗舰店，98还是有希望的[小电视_赞]"
"CrimsonLotus","保密","无IP","70575018","6","咩栗","10000","1","","米哈游你们什么意思???我花钱买的凯旋皮肤你们说和谐就和谐???欺骗消费者?"
"p","男","无IP","227752471","5","","10000","1","","(一位攒了个把月水晶为了这次女王的萌新):这次攒了许久，为了女王池，顺便把芽衣的皮肤拿了，结果芽衣皮肤13号结束，女王池14号才开?WTF?这是要二选一?为什么女王池不是第一个?难道这也在氪金计划当中?所以说皮肤能不能延迟一个星期，或者说女王池第一个星期开。和我情况差不多的转发让官方看到[小电视_笑]我只是攒了3个月皮肤已经2W3水晶了，手机还有9000正等着女王呢，然后一起拿了。留给我们要女王同时也要芽衣皮肤的时间不多了[小电视_笑]"
"mimi琪琪","女","无IP","198706810","6","刀说异数","10000","1","4","所以说第九章CG啥时候出"
"沧海何往","保密","无IP","194655700","5","","10000","1","","暗示舰长很细吗。。。"
"温故而知你啊","女","无IP","204777143","4","","10000","1","","单出班长大人我买爆啊！为什么没有班长大人的挂件！"
"凌晨梦海","保密","无IP","278520091","6","","10000","1","2","想要浮华的图片[蛆音娘_偷看]"
"幻视彩虹","保密","无IP","310267550","6","EveOneCat2","10000","1","3","只买了48的，98太贵，家境贫寒，告辞"
"鲛吉桑","保密","无IP","14213915","6","","10000","1","2","嘛意思，嘛意思呀 23看的时候还有呢。仨小时就没了(s°口°)s(┴―┴嘎哈呀"
"过期の猫粮","男","无IP","8893204","6","","10000","1","","卧槽!你让我们这种早睡的同学怎么办…十盒装就没了…[小电视_发愁] 生气了 !我想和大萎谈谈人生!"
"qp1092_","保密","无IP","245079302","6","","10000","1","","包菜联动会更赚钱"
"燕平酱","男","无IP","19489271","6","","10000","1","","98  已入手  大出血啊！！"
"MK七君","男","无IP","203263405","6","黄绿合战5th","10000","1","","一直想说，为什么老是联动零食，还嫌我这个死宅不够胖吗？我都120了再这样下去是不行的"
"好伟大的葱女士","保密","无IP","62507830","5","","10000","1","","我觉得送真的定制电脑桌会更实在(=ω=)"
"1个咖啡壶","男","无IP","13038279","6","异常生物","10000","1","5","md，明知道是沙雕联动，但是看见上仙..............权当给智商交税了[小电视_好怒啊]"
"阿银生","男","无IP","349260089","6","","10000","1","","买了会送，女武神吗？[2233娘_卖萌]"
"毕竟你是睿智呀","保密","无IP","42303029","6","崩坏3・天穹流星","10000","1","8","弃之 食盒"
"可以在表演一下","男","无IP","14485722","6","","10000","1","","肥宅钱真好赚(^ω^ )"
"可以在表演一下","男","无IP","14485722","6","","10000","1","","闹钟定好了    但还是怕抢不过一些大佬们(=ω=)"
"基维亚克","男","无IP","23396661","6","hanser","10000","1","","emmmmm，所以，你们天天和吃的联动是几个意思？"
"滑稽局局座","保密","无IP","17283512","6","","10000","1","","这基巴游戏整天卖吃的,开超市去吧_(:3」∠)_"
"无言叶上红花下","保密","无IP","30385121","6","","10000","1","","欢迎登陆《吃吃吃rd3》，琪亚娜零食应有尽有。"
"御姐控シ药药","保密","无IP","3954133","6","","10000","1","","你为啥不找百奇和百醇联动"
"橱笙aya","保密","无IP","71349849","6","碧蓝航线2020","10000","1","1","琪雅娜的腿上又多了一个正字（,意味深）"
"怎么什么名字都被注册","男","无IP","34185183","6","hanser","10000","1","5","为了肥宅快乐胶，我要蹲点"
"愿中华安康","男","无IP","35478338","6","","10000","1","","不是很贵，吃得起，大不了买来送女朋友"
"天籁澈然","男","无IP","22716978","6","","10000","1","","下次考虑一下百奇呗，想看草履虫和芽衣玩pocky游戏[小电视_我好兴奋]"
"花淡殇","保密","无IP","21865149","6","","10000","1","1","让我来滋醒你的幻想(*ω)tひs"
"李book","保密","无IP","291093329","5","","10000","1","","就想问一句，哪买？"
"天下无双举世瞩目雷电法王杨某信","保密","无IP","88180184","6","星座系列：射手座","10000","1","","淘宝的零食售价平均4元/包"
"干饭了嗷","男","无IP","21529206","5","","10000","1","","蹦蹦蹦启动 抽卡 蹦蹦蹦卸载 蹦蹦蹦安装 抽卡 女王 蹦蹦蹦 蹦蹦蹦 蹦蹦蹦。"
"孤独摇滚-","男","无IP","24422092","6","公主连结佩可莉姆","10000","1","","琪亚娜生日会出女王扩充吗？"
"q亚1","保密","无IP","85531773","6","崩坏3・天穹流星","10000","1","2","买零食，上面有兑换码，可以换水晶，销量马上狂涨"
"Carbonbased","男","无IP","23007599","6","","10000","1","","加点水一切好事[2233娘_喝水]"
"喵个咪...","男","无IP","30245325","6","","10000","1","","原谅礼盒，你值得拥有（￣￣）"
"账号已注销","保密","无IP","11299484","0","","5000","1","","现在新出的圣痕都是穿热裤，你司多喜欢热裤，干脆改名叫热裤三算了"
"世界第一大吃货天依","男","无IP","343178","6","","10000","1","","啥时候联动士力架？"
"鸢@柚D","保密","无IP","23013863","6","","10000","1","","婊去贴吧行吗，什么视频下面都有烦不烦啊"
"燕平酱","男","无IP","19489271","6","","10000","1","","100买了买了( _f｀)"
"法外狂徒弓长一二","男","无IP","11567367","6","","10000","1","","拉倒吧，老子的零食箱到现在都没影[小电视_哭泣]"
"天翼种-吉普莉尔","保密","无IP","28210060","6","","10000","1","1","代吃百奇，返还克换码(｀ω)"
"桃饱网vip","保密","无IP","362381119","5","","10000","1","","刚看完一个屁股崩油花的减肥药视频，你就来个滋味""崩""发，居心不良啊"
"我妃强无敌","女","无IP","1498358","6","","10000","1","","所以说你游为啥总是找些和游戏无关的东西联动"
"狸猫千鹏","男","无IP","116511080","6","","10000","1","","我就一句话我T M买爆[小电视_赞]"
"苗木伊藤诚MMYTC","男","无IP","9584832","5","","10000","1","","老板，给我来10箱符华味的百力滋"
"抱抱我的纸片人老婆","保密","无IP","88285485","6","","10000","1","","崩四一出，先良心吸引一些真香玩家，然后变着花样骗氪，等玩家反应过来才发现已经氪的太多了以至于不舍得退坑，然后官方使劲压榨游戏剩余价值，推出崩坏五,总之:,崩三一出入崩二,崩四一出去崩三,谁知道还有没有崩五[2233娘_疑问]"
"DCreeper","保密","无IP","35452663","6","新科娘","10000","1","","真的 你们再不管管策划 应该就会有更多锦旗发给你们了[蛆音娘_滑稽]"
"咩走小队头号粉丝","保密","无IP","12269530","6","名侦探柯南M26","10000","1","","就你和吃的联动[蛆音娘_偷看]"
"大鱼酱籽","保密","无IP","10924004","6","","10000","1","","百力滋原价4元多，和崩坏三联动产品98元10盒，真是个销售鬼才#崩坏3#"
"深知486朋友交易的我","保密","无IP","38878094","6","","10000","1","","是玩家氪金不够还是你mhy想钱想疯？"
"Higher-Cx","保密","无IP","9227302","6","","10000","1","","那么问题来了，在哪下这么好玩的游戏？在哪买这么好吃的零食呢？(°°)"
"风一样的变态","保密","无IP","12233389","6","","10000","1","","80级舰长看不起这点东西"
"Myra_木扬","女","无IP","20780726","5","#EveOneCat!","10000","1","","还以为是决战的时刻到了结果是吃的(=ω=)(=ω=)(=ω=)"
"kono尼禄da","女","无IP","319556428","6","","10000","1","","为什么，，，我会看好几遍广告(Д≡д)!?"
"忆梦花未雨","女","无IP","23075831","6","","10000","1","","98才给挂件 比上一次过分了啊"
"二乃是不可战胜的","保密","无IP","9999807","5","","10000","1","","我傻？买这个"
"Ara的夏天","男","无IP","177222692","5","","10000","1","","众所周知崩崩崩是靠周边来维持生活的（￣￣）"
"蔷薇一梦t","男","无IP","111178258","6","暮光幻影","10000","1","","画质堪忧(￣△￣)"
"ジュ一ス","保密","无IP","244765233","5","电子喵","10000","1","","啊啊啊啊我要买阿符百力滋！！！发出了符厨的声音！"
"AAAzzzzz丶","男","无IP","22721579","5","","10000","1","","送挂件还是买挂件？这么贵？"
"了一人雨而","男","无IP","3728896","6","","10000","1","","这画风 我一下子就认出来画师了。。"
"悼枫海天","男","无IP","6455040","6","","10000","1","10","我要超扁符华百力滋！"
"白萝卜烧鸡","男","无IP","8996639","6","汉化日记","10000","1","","吃成母猪"
"白彦少佐","保密","无IP","59496061","6","登乐V计划","10000","1","9","在哪可以买呀"
"云天收夏色desu","男","无IP","385069609","3","","10000","1","","没钱怎么守护崩坏世界"
"夕暮倪霞","男","无IP","1853573","6","","10000","1","","我还以为是真的电脑桌(￣3￣)"
"炯小蛤","保密","无IP","7769993","6","","10000","1","","九十块十盒是不是有点小贵[小电视_嘟嘴]"
"再一次跳动吧","保密","无IP","20287774","6","电子喵","10000","1","5","多少钱啊"
"飞鸽一号","男","无IP","12069405","6","","10000","1","","再来一满级送零食[小电视_我好兴奋]"
"阿比不熬夜","保密","无IP","744355","6","","10000","1","","一轮节奏正在冉冉升起"
"洛阳没有铲儿","保密","无IP","500540969","5","","10000","1","","本铲来也～"
"随意发挥只求稳","男","无IP","291036776","5","崩坏3・天穹流星","10000","1","","掘墓[崩坏3_吃咸鱼]"
"16亿原石","保密","无IP","511614354","5","一周年纪念装扮","10000","1","3","洛阳铲c(°°)ノ"
"桃源灯里","保密","无IP","396298057","6","魔法学院","10000","0","","我先来抢个位置（看我的洛阳铲，9块9包邮）"
"笋饺LEGEND","男","无IP","487317531","5","","10000","0","","那么问题来了，当时包装上为什么没有这些女武神呢？还是我根本不知道有崩3这款游戏"
"清谈客","男","无IP","454901387","5","","10000","0","","希望以后会和一品景芝合作。酒瓶子上贴刮刮卡。"
"D筱纸鸢朵朵多","女","无IP","233490399","5","","10000","0","","[鸡腿]加油"
"cyber_BrownDerby","保密","无IP","355226925","5","","10000","0","","超市处理的时候买了两盒草履虫的 现在还在柜子里"
"口袋迷ag奇树","男","黑龙江","674391939","5","BLG信念干杯收藏集","10000","0","","今天刚看见是怎么回事"
"温特斯-斯诺曼","男","无IP","13705335","6","","10000","0","","我买了但当时我没回去玩崩三啊啊啊啊"
"d雪の","保密","无IP","16933548","6","","10000","0","7","超市打转9元买了4包附一个兑换码[微笑]"
"0911_Rocket","女","无IP","348944432","6","","10000","0","","只有板鸭的"
"叶下粼","保密","无IP","12831554","5","崩坏：星穹铁道","10000","0","2","为了凑齐三只，我在网上瞎买了几十包。。。不过成了"
"妙不可缘","男","无IP","11992621","6","阿梓从小就很可爱","10000","0","","板鸭抹茶味超好吃"
"茶酒奈","女","无IP","101253914","5","","10000","0","","留下富有的证据"
"无尾熊和考拉","保密","无IP","144526058","6","","10000","0","5","买了都忘记兑了"
"呐呐呐蚨孤榇","保密","无IP","204989477","5","","10000","0","","昨天买了个板鸭的才3块5"
"N1un1ek03","男","无IP","8179542","6","","10000","0","","没有琪亚娜的嘤嘤嘤。。。买了两个板鸭的"
"t~を吹く松のL","保密","无IP","233843608","6","EveOneCat2","10000","0","","有人要兑换码吗？只有一个"
"酱油酱酱油__","男","无IP","38840222","6","Kizuna AI","10000","0","","我买了嘿嘿"
"樱庭杏子","女","无IP","150460324","6","","10000","0","","喜欢板鸭的蓝莓.."
"无血青锋","男","无IP","350171358","5","","10000","0","","水晶码是什么鬼？"
"link2022","男","无IP","31003010","6","","10000","0","","这封面我还以为草履虫把积木吃了"
"承载黑夜之诗","保密","无IP","90396318","6","","10000","0","","日服没联动圣痕……哭了"
"顾寡老冥","保密","无IP","131287759","5","冬季","10000","0","10","有什么方法可以不损坏盒子的情况下打开么"
"真武魔天尊","男","无IP","2628837","6","","10000","0","","！！！！！"
"ItzGreenSky8","保密","无IP","178357513","4","","10000","0","","真香，真香啊！(好像有点不对劲。。)"
"奥托先生的猫","男","无IP","319955727","5","","10000","0","3","为什么只能在天猫找到6盒装的？"
"名字都被取了嘤嘤嘤","保密","无IP","354914697","3","","10000","0","","我不管，我要吃包菜。"
"可以在表演一下","男","无IP","14485722","6","","10000","0","","又出了   上次的我都还没吃完啊QAQ            可是我控制不住我自己   这次有三个硅胶小人啊(；ω；`)"
"xnturbo","保密","无IP","13312400","6","","10000","0","","板鸭盒子的吃起来不错(=ω=)"
"惬意飞扬","女","无IP","84500892","4","","10000","0","","已到货√"
"秋日胡桃","男","无IP","22739628","6","","10000","0","","线下的超市不卖吗[小电视_发愁]"
"账号已注销","保密","无IP","324352930","0","","5000","0","","蓝莓和抹茶的都是板鸭封面，好吃(=ω=)"
"御用吐槽神","保密","无IP","12628818","6","巅峰荣耀","10000","0","","连续3次S了吧这次抽完皮肤  下个星期又更新  出新角色  钱包没钱了  要不要去花呗贷款啊 。。。。"
"Aurora1917","保密","无IP","55421330","6","阿梓从小就很可爱","10000","0","","死宅的钱真好赚（小声bb）(｀ω)"
"我花6个硬币","保密","无IP","251249593","4","","10000","0","","我的已经到啦！"
"朝颜若华","保密","无IP","20747979","6","","10000","0","","九章cg到底什么时候出。。。。。"
"我是分母","男","无IP","43657432","6","","10000","0","","抽奖送兑换码啦[2233娘_卖萌]"
"这就是钞能力","保密","无IP","1613073","6","","10000","0","","有多少跟我一样，箱子里有一盒普通的。"
"今o月","男","无IP","4941141","6","2233・群星闪耀时・双子座头像框","10000","0","","= =淘宝里面一堆倒卖的，，太过分了"
"COWBMAN","男","无IP","10084494","6","绯赤艾莉欧","10000","0","","符华好评[小电视_赞]"
"漾953456","女","无IP","70918383","6","","10000","0","","南宁的表示没到"
"不想翻身的大咸鱼QAQ","保密","无IP","224618534","6","","10000","0","","播放量好少"
"黑泽黛雅23333","男","无IP","56883746","6","冬季","10000","0","","无锡的表示还没见到"
"唯耕耘久远","男","无IP","775705","6","","10000","0","","那么，在哪里可以买到呢"
"算了啥都不说了","保密","无IP","27943283","6","","10000","0","","要命这东西不包邮的"
"l西伯利亚暖男l","保密","无IP","6044867","6","","10000","0","","我真是醉了啊，送我两次夏日挂画都是一样的，能走点心不(;_)"
"黑夜的低语者","男","无IP","4976662","6","","10000","0","","48已入"
"红染丶火之途","保密","无IP","37881530","6","全职高手","10000","0","18","来咯～"
"徒有嘘名","保密","无IP","153812582","5","","10000","0","","十盒98？,不是48吗？"
"徒有嘘名","保密","无IP","153812582","5","","10000","0","","已经买了三盒"
"努卡酒吧","男","无IP","1032901","6","","10000","0","","poro脸"
"あなたは本当にR鹿","保密","无IP","132501727","6","12周年夏日狂欢","10000","0","2","我tm奖!!!(°°)"
"洛归苏","保密","无IP","178284835","5","乐正绫五周年生日","10000","0","","我买到了美滋滋"
"清水凉木","保密","无IP","20071679","6","","10000","0","","( _f｀)肯德基那个改一下出来的吧，殴打小12"
"斯乌艾戈","保密","无IP","22223204","5","","10000","0","","玩崩三看来是不能睡觉的，又错过了98的[蛆音娘_扶额]"
"夕梦鱼","女","无IP","43768970","6","","10000","0","","老子在学校也要买爆！！！"
"青牛镇","保密","无IP","137754486","5","","10000","0","","丽塔普攻键不能按bug？"
"做梦梦想家le","保密","无IP","36901776","6","","10000","0","","我氪金的前都没有哪里来的钱买零食"
"Suika_Mi","保密","无IP","12374331","6","-阿库娅","10000","0","","表白忍妈[小电视_害羞]"
"巫幼禾_","男","无IP","227498583","6","","10000","0","","买了两份然后发现十盒装的还带硅胶挂件[蛆音娘_扶额]"
"甜玉米起司","保密","无IP","11303025","6","珈乐Carol","10000","0","","昨天半夜抢到了_(:з」∠)_然后抢到就睡觉了，后来才知道一瞬间被抢光"
"天天都在爬墙","保密","无IP","15375109","6","偶像梦幻祭2","10000","0","","买了[小电视_嘟嘴]"
"寄宿学校的dio","男","无IP","37746150","6","","10000","0","","那么在那里买呢？"
"约克指定云嗨","男","无IP","355362858","6","嘉然今天吃什么","10000","0","","买了能变欧吗 [小电视_我好兴奋]"
"TVT玄渊","保密","无IP","353490544","6","崩坏：星穹铁道","10000","0","3","买买买！"
"今年会飘雪吗","男","无IP","97186243","6","","10000","0","","98元十盒为什么还没发货。。。"
"怎么什么名字都被注册","男","无IP","34185183","6","hanser","10000","0","5","已经买了，肥宅快乐胶[小电视_我好兴奋]"
"王者小桀","保密","无IP","39970229","5","","10000","0","","98也太贵了[小A和小B_摊手]"
"迷之霍比特","男","无IP","10434079","6","","10000","0","","这小食品保肝吗()"
"Mr百鬼夜行luxuria","保密","无IP","28661310","6","","10000","0","","你把我氪金o我 我一定出"
"坐忘道`北风","保密","无IP","6473404","6","","10000","0","","不联游戏天天联吃的 我要胖了啊"
"就像豆子裹在豆荚里","男","无IP","3341203","6","","10000","0","","10盒98，确实情怀值钱。。。"
"1个咖啡壶","男","无IP","13038279","6","异常生物","10000","0","5","mmp我难得有一天早睡了，起来就没了，我恨啊[小电视_哭泣][小电视_好怒啊][小电视_好怒啊]"
"织尽江","保密","无IP","250494744","6","","10000","0","","买到十盒的，看看多少"
"发怒的小喵喵","男","无IP","2858227","6","","10000","0","","已经买了[小电视_笑]"
"溺水之兔","保密","无IP","12164608","5","","10000","0","1","已经没了？我只想要个挂件啊[小电视_好怒啊]"
"闻好很次胖下楼","保密","无IP","104615626","5","","10000","0","","只想要钥匙扣(｀ω)"
"Koyori_","女","无IP","3358860","6","2021拜年纪","10000","0","4","我擦嘞，早上7点起来抢不到98的"
"小北长高高","女","无IP","22454055","6","","10000","0","","哎，12点过几分的时候销售量已经达到了三千多，我感紧抢了，一早上起来商品就下架了[小电视_发愁]"
"ヴェルサアンシ`ン","保密","无IP","139028168","5","夏诺雅","10000","0","","不看看多少玩家?提前多少天把消息放出去，然后，呵呵，延续到明年二月的活动，正常睡觉起来直接凉?"
"酱酱喜欢吃拉面","保密","无IP","141512255","6","","10000","0","","天天联动吃的。。。。,你除了崩二还联动过啥（更何况崩二还只是单项联动。。。。）"
"Arc虹蔓","男","无IP","19268144","6","","10000","0","3","我只要盒子就行了"
"GOD乌索索普","保密","无IP","110203948","6","","10000","0","","老哥们，那个扩充数是会一直保存下去还是只能保存一届，2周年扩充律化娜没砖石了，剩下51次，这次扩充月蚀剩下31次，这31次能不能保存到下次扩充，还有啊，什么时候再出扩充律化娜啊"
"专治叶修单身","保密","无IP","5107424","6","全职高手","10000","0","7","？？？你们是魔鬼吗，时差党一觉醒来毛都没得买了..."
"喂叫你啊啦啦啦","男","无IP","207300464","6","hanser","10000","0","","十盒装的已经没有了啊啊啊啊。。。"
"诺依Noe","女","无IP","329738652","5","","10000","0","","不加强真红，chm没了"
"浮世绘若梦","男","无IP","54045752","6","花丸晴琉","10000","0","","没得买了"
"米法呜呜我的米法","男","无IP","35654970","6","斩兽之刃","10000","0","7","哈哈哈卧槽98的没了"
"涞易建联","男","无IP","330234677","5","","10000","0","","这是不是过于可怕了……1个小时不到卖了4000多盒，怎么会这么快……哔哩哔哩98亿手办都没有卖这么快啊……"
"是sunshine鸭","男","无IP","285716330","5","","10000","0","","哈米:我们用心接广告用脚做游戏(°°)"
"RyuzojiAkane","保密","无IP","108589435","6","中野二乃","10000","0","","天猫的98的莫得了。。。48的还有。。。"
"不忘初心不怕麻烦","保密","无IP","809063","6","","10000","0","","摸摸我的肥肉，为班长献上钱包"
"红灯右转","男","无IP","13127310","6","","10000","0","","这次不会有黄牛吧(;_)"
"血色月圆","保密","无IP","1545264","6","","10000","0","","狗东传送门,https://pro.m.jd.com/mall/active/3MGqwFtkmXEcqV6ULmg8cVgWdUGY/index.html"
"手撕包菜的爱酱","男","无IP","304500406","5","","10000","0","","那个，请问板鸭嘴里的百力滋在哪里买呀？( . )"
"账号已注销","保密","无IP","17897429","0","","5000","0","","为什么会是班长而不是芽衣？"
"ADS玖璃","男","无IP","247237544","5","","10000","0","","坐等到货(=ω=)"
"可以在表演一下","男","无IP","14485722","6","","10000","0","","京东没货了"
"可以在表演一下","男","无IP","14485722","6","","10000","0","","都是魔鬼"
"尘华Motu","男","无IP","142993501","5","","10000","0","","在淘宝买会有兑换码么？"
"谷恒_条也","保密","无IP","43188629","6","异常生物","10000","0","","买了买了[小电视_嘟嘴]"
"可以在表演一下","男","无IP","14485722","6","","10000","0","","没抢到QAQ"
"假酒有话说","男","无IP","8342882","6","","10000","0","","咋看都是吃的，想把我们喂得肥肥的只能在家玩崩三"
"尘华Motu","男","无IP","142993501","5","","10000","0","","好可怕，一瞬间两千多就没了"
"尘华Motu","男","无IP","142993501","5","","10000","0","","下单了"
"冰逐","女","无IP","15126185","6","三周年恋曲","10000","0","","有没有人送我个家具的兑换码呀"
"高松灯宝","保密","无IP","14236184","6","","10000","0","","⑧喜欢恰甜食"
"爱咖啡的茶妖","女","无IP","1600105","4","","10000","0","","传送门,https://pro.m.jd.com/mall/active/3MGqwFtkmXEcqV6ULmg8cVgWdUGY/index.html"
"人一定要有梦想-","男","无IP","24363022","6","","10000","0","","有没有人发现一开始的绿背景较深的那块像什么，不会是我没救了吧(;_)"
"白m龙h泽y氵です","男","无IP","36496718","6","EveOneCat2","10000","0","2","买买买"
"这次起个长点的名字","保密","无IP","85594561","6","","10000","0","","**钱真**好赚啊(=ω=)"
"御君炽鸟","保密","无IP","11477846","6","提摩西小队","10000","0","","这个配色不是奥托大人的广告吗？草履虫怎么抢单了"
"麋鹿你迷路了吗","男","无IP","20824484","6","","10000","0","5","我是在淘宝搜的，格力高店铺里面看到的，还没有上架，在新品里面[蛆音娘_滑稽]"
"看不见你的孝我怎么睡","男","无IP","35763747","5","","10000","0","","368楼那个沙雕呢？怎么被人举报删除了？我还想看热闹呢[小电视_害羞]"
"海兔-SLUG","保密","无IP","59990723","6","","10000","0","","又要打工。"
"Armo苏苏","保密","无IP","4143208","6","","10000","0","","有没有草履虫口味的（￣￣）"
"Nair_Luna","保密","无IP","13368092","6","","10000","0","","主色调由大主教提供"
"小飞象w","保密","无IP","14363852","6","","10000","0","9","中奖[小电视_赞]"
"再问自动下载原神","男","无IP","174839045","6","星座系列：双鱼座","10000","0","","所以说女王下次精准什么时候啊"
"盐渍小鲨鱼","女","无IP","36595195","6","","10000","0","","所以，动画呢。。。。(_`)"
"妖精yaojing","保密","无IP","112928075","6","","10000","0","3","(⌒⌒)(⌒⌒)(⌒⌒)(⌒⌒)"
"八受傻音","男","无IP","22440699","6","","10000","0","","我的银行卡已经准备好了"
"湮没ぐ","男","无IP","169971635","6","","10000","0","","这丽塔怎么又出个苍骑士・月魂啊，**，这也太快了吧......"
"耐不住寂寞的考","男","无IP","381690746","3","","10000","0","","为什么买不到"
"wen_dragon","男","无IP","39990580","5","","10000","0","","不管崩三再怎么坑，也坑不到我的钱"
"抖hen泰","男","无IP","5996615","6","-阿库娅","10000","0","","3星圣痕・・・・・・・・・・"
"咸鱼味的奶糖","男","无IP","14485922","6","","10000","0","","所以，舰长们是被“滋”醒的？"
"月影从不咕","男","无IP","23476645","6","","10000","0","","怒x爱酱出……×"
"veari","保密","无IP","30383922","5","","10000","0","","所以，短片何时更（￣￣）"
"星月StarMoon","保密","无IP","22518258","6","崩坏3・天穹流星","10000","0","2","买爆警告！"
"凌凌j","男","无IP","12173544","6","","10000","0","","支付宝买完手办还有77块钱"
"我大会员没了啊","保密","无IP","13662497","6","","10000","0","4","班长！啊wsl"
"闻好很次胖下楼","保密","无IP","104615626","5","","10000","0","","要不要买呢[蛆音娘_滑稽]"
"阿尔贡石油","男","无IP","493230","6","","10000","0","10","可以确定板鸭不是在炒股，而是在控股。(_`)"
"阿宅怎么办","女","无IP","30945642","6","","10000","0","","买卖啥小饼干，直接卖挂件算了。。。"
"彼岸的流星雨","保密","无IP","36047570","6","","10000","0","","所以说天猫超市搜索不到，有地址没啊。。。在天猫上都搜索不到(""□)/"
"Koyori_","女","无IP","3358860","6","2021拜年纪","10000","0","4","我已经把12月的生活费划了一部分出来了"
"阿托希斯_普瑞斯托","男","无IP","180173396","6","","10000","0","","封面局部打码了解一下"
"不瞌睡的星","男","无IP","65218684","6","崩坏3・天穹流星","10000","0","","被美食耽误的音乐公司"
"--judas--","保密","无IP","305568890","6","","10000","0","","幸好只是百力滋 我买的起"
"怜花魂","保密","无IP","40764420","6","BW2020","10000","0","1","9600警告"
"Lv6万物主宰-至尊王者","保密","无IP","102799599","6","","10000","0","","差评，这联动的是什么鬼，竟然没有泡面。"
"面包酸奶i","男","无IP","91387065","5","","10000","0","","超细"
"来一条抱枕八","保密","无IP","10962520","5","","10000","0","","啥时候出啊？"
"bili_158642348","男","无IP","158642348","5","","10000","0","","能不能便宜点，我买不起[小电视_哭泣]"
"柳下落雪菜","男","无IP","220094188","6","","10000","0","","游戏内定制电脑桌，有人会冲这个去买么。。。"
"patelide","保密","无IP","39206164","6","EveOneCat2","10000","0","","那么在哪里买的到呢？"
"你又被强化了","女","无IP","15905439","6","琉绮Ruki","10000","0","","说！什么时候开始。，"
"Ejie_aa","男","无IP","626568","6","","10000","0","","芽衣：舰长，我也是御三家啊"
"混沌-恶","保密","无IP","20827189","6","三周年恋曲","10000","0","8","贞德牛啤，贵了差不多一倍还行"
"RM云木-","男","无IP","1984654","6","","10000","0","","貌似普通的百力滋15盒60多吧，联动版10盒98，emmmmmmm"
"POPNEKO","保密","无IP","243730962","6","","10000","0","","关键是我不喜欢吃糖"
"澄枫情月","男","无IP","249082958","6","约战・狂三","10000","0","10","我买，我买，只要吧女王衣服安排一下，20盒都买"
"高柳知叶","保密","无IP","56213893","6","","10000","0","","肥宅钱真好赚"
"沈却邪","男","无IP","1527328","6","","10000","0","","又是卖不掉零食坑钱"
"Doloris三角初A","保密","无IP","237829512","6","","10000","0","","脱换码的是魔鬼吗？"
"泉奈VI","男","无IP","32266005","6","","10000","0","","我选择百奇"
"元鸿一","保密","无IP","19468740","5","洛天依8th生日纪念","10000","0","","(=ω=)(=ω=)"
"PowerSlizz","保密","无IP","2264568","6","hanser","10000","0","8","这价格超市能买20多盒这玩意"
"_我永远喜欢圣人惠","男","无IP","228858196","5","C酱です","10000","0","","太贵了太贵了太贵了"
"提瓦特幼儿园园长","男","无IP","17499520","6","","10000","0","4","又搞这种跟我没啥关系的sao东西"
"燃燃不是吃货","男","无IP","37791524","6","请吃红小豆","10000","0","","磨牙棒？"
"填白w","男","无IP","77356086","6","2233幻星集","10000","0","4","别诱惑了，我买还不行吗，女王是不是可以安排一下了[小电视_笑]"
"憨的一","保密","无IP","32490611","6","","10000","0","","零食箱是什么啊，有大佬告知下嘛"
"神的白猫","男","无IP","1503","6","","10000","0","","9.8一盒百力兹，我还是吃我的百奇吧"
"JosaphatFang","男","无IP","236506856","5","","10000","0","","真6"
"_Vの","男","无IP","6524146","6","","10000","0","","只有百力滋吗？  我比较喜欢吃百奇。。。[小电视_吃惊]"
"Twigs7277","男","无IP","32069977","5","","10000","0","","太贵，买不起"
"唯我珂朵莉","保密","无IP","35591994","6","时空穿越头像框","10000","0","","留个名"
"Laclau","保密","无IP","5072406","6","","10000","0","","超市4元一盒，10盒40元(_`)"
"喀秋莎SaSa","男","无IP","87087000","6","原神","10000","0","","我要班长 板鸭 草履虫各买一个"
"喀秋莎SaSa","男","无IP","87087000","6","原神","10000","0","","背景音乐是啥?"
"秋川府","男","无IP","22705245","6","","10000","0","","80级的不都送一箱?嗯？"
"风车熊","保密","无IP","4844632","6","","10000","0","6","上海米哈游食品厂又出新货啦"
"深蓝色koikoniro","保密","无IP","32321311","6","","10000","0","","崩三联动定律，崩三联动崩二，崩四明年上线，突然换了联动对象，这说明了什么(｀ω)"
"采蘑菇的魔理莎","保密","无IP","3077680","6","","10000","0","","额，班长撩到我了"
"江浙渔樵","保密","无IP","32242040","5","","10000","0","","说真的如果每个东西里面全都至少有一水晶那销量要翻番"
"璃茉不二哒","女","无IP","22169020","6","","10000","0","","所以氯化钠和姬子阿。。。姐姐的对决啥时候发"
"宇直center","保密","无IP","15684968","6","","10000","0","","已加入购物车"
"花样作死nn","保密","无IP","33715299","6","","10000","0","","就崩崩崩和一些稀奇古怪的东西联动[蛆音娘_滑稽]"
"feimaojiang","男","无IP","152653383","6","崩坏3・天穹流星","10000","0","","送定制电脑[小电视_吃惊]"
"我可以这样嫖你一整天","女","无IP","33687020","5","少前小剧场","10000","0","","住口老子没钱守护世界了"
"CC语言大佬","男","无IP","39388019","6","2021拜年纪活动专属","10000","0","","游戏内电脑桌笑出声，谁tm缺家具啊，很不放不开"
"含生草","女","无IP","4373811","6","","10000","0","","98十盒，48六盒。刚刚买了两个普通双层巧克力和奶咖味的，只要两盒8元。为爱买单吧！"
"千~の堕天}六花","保密","无IP","44046093","6","乃琳Queen","10000","0","","15盒65了解一下"
"这是我想了好久的昵称","男","无IP","12272759","6","原神","10000","0","1","**，本来说五十几就买一盒，凑凑热闹，98还是打扰了"
"究极的自由之翼","男","无IP","12258982","6","","10000","0","","ならば 答えは1つ!"
"XXz869ll6","保密","无IP","22033863","6","","10000","0","","如果华润万家有就买，要网购就算了"
"不吃糖の小咸","保密","无IP","254092733","6","","10000","0","","有兑换码吗？ 没有我等一会在来(｀ω)"
"落霞孤鹜飞","保密","无IP","30588556","6","","10000","0","","98?"
"喵司大人","男","无IP","13546408","6","2021拜年纪","10000","0","","格力高官方店，没有联动的包装的"
"阿丽娜哪呐","男","无IP","2453234","6","","10000","0","","有符华的圣痕吗"
"无差别宅王","保密","无IP","282521896","6","三周年恋曲","10000","0","","我希望这东西的销量和大伟哥的抱枕一样好"
"哈密瓜小山楂","男","无IP","20020648","6","","10000","0","","已加入购物车"
"毛虫丶","保密","无IP","3915379","5","","10000","0","","换水晶能换60而且只能换一次还不如换别的"
"白熊lceBear_","保密","无IP","87752582","6","","10000","0","","布洛妮雅是在炒股吗233"
"C-K_Game","男","无IP","169266084","6","原神","10000","0","","去那里买呀(=ω=)"
"叶落","保密","无IP","209673","6","","10000","0","9","芽衣滚出御三家系列。,苟比策划出来挨打[2233娘_喝水]"
"炯小蛤","保密","无IP","7769993","6","","10000","0","","错怪商家了，没那么贵，是有优惠券的，69－5 大家快去领呀("
"真白の猫nya","保密","无IP","895155","5","","10000","0","","只要998"
"什么时候适配鸿蒙","保密","无IP","10093368","6","","10000","0","","明年崩坏四就要开始测试了"
"一之主","男","无IP","29145683","5","","10000","0","","23秒圣痕立绘腿感觉很奇怪，是我感觉错了吗？"
"雪阳的砂糖","女","无IP","33671491","6","少前小剧场","10000","0","3","老夫我还是喜欢黑猫电脑桌[小电视_害羞]"
"霜梦AS","男","无IP","5804241","6","","10000","0","11","所以说短片什么时候更新啊......"
"一只八紫","男","无IP","85677774","6","三周年恋曲","10000","0","","所以说学校小卖部有得卖吗"
"Thesourceoflife","保密","无IP","16013340","6","","10000","0","7","bgm都没换，公司是有多。。。"
"西行寺厨彡妖梦","男","无IP","30949868","6","","10000","0","","前500"
"沐风觅笙音","男","无IP","21074680","6","星座系列：双子座","10000","0","10","所以80级舰长到底是不是人手一份啊"
"逆熵INVERSEENTROP","男","无IP","15582461","6","斯莱特林","10000","0","","琪亚娜圣痕鞋子好看"
"泠小飞siNsya","保密","无IP","37314144","6","","10000","0","","9600警告。。"
"吾妻小恩美如画","保密","无IP","109124298","6","BW2020","10000","0","","网上有的买嘛(=ω=)"
"灬Giotto","男","无IP","3290286","6","2021拜年纪","10000","0","","那么，在哪里才能买到呢.jpg"
"橘子熬粥Lander","男","无IP","24971970","6","","10000","0","","封面本子风"
"还是另请高名吧","保密","无IP","9146186","6","","10000","0","","5000份，能买到吗，悲观中"
"静寂微雪","男","无IP","2659643","6","良辰美景・不问天","10000","0","","为什么崩崩崩只会和吃的联动啊"
"没钱开大会员了","男","无IP","40432452","5","大会员5周年","10000","0","","什么80级每人一箱，冲过500块钱的舰长都能拿一箱还差不多[蛆音娘_滑稽]（我不会告诉你们我才69级）"
"想要妹妹变得可爱","男","无IP","28034756","6","hanser","10000","0","6","那么哪里可以买到呢"
"曙光倾城D","男","无IP","12921749","6","","10000","0","","亏爆。。。。"
"谷沫","保密","无IP","3947553","6","","10000","0","","我的手机已经不允许下载了。[2233娘_耶]"
"ycfa","男","无IP","13029477","6","","10000","0","","出了那么多琪亚娜的圣痕，什么时候填坑时装[小电视_发愁]"
"醉泠鸢","保密","无IP","20826114","6","","10000","0","","百乐滋凉了[小电视_嘟嘴]"
"克烈儿辣舞4396","男","无IP","52061244","6","","10000","0","","又骗我买零食？我是不会买的。。。（真香）"
"_栗子球","男","无IP","14704928","6","黎歌Neeko","10000","0","","为美好世界献上百力滋"
"糟了孩子要生了","男","无IP","17375010","6","","10000","0","","等等，点心？什么点心？c(RДQ)ノ"
"呆呆的狸猫","男","无IP","20301996","6","","10000","0","","我又来问新短片啥时候出了.jpg"
"UFO企业","男","无IP","30313267","6","公主连结凯露","10000","0","","你把你的断片给我交了(滑稽)(｀ω)"
"看不完的过去","男","无IP","35333705","6","碧蓝航线","10000","0","","然而店里我看了没有找到"
"不等式定律","女","无IP","29639617","6","","10000","0","","琪亚娜生日也太抠了8，还这么肝，绝了"
"曼妥思酱","男","无IP","26110906","6","三周年恋曲","10000","0","","赠点钻石最好了(°°)"
"小天这个疯子","男","无IP","2976135","6","","10000","0","","诶？这次不送零食了嘛？[小电视_吃惊]"
"Rango27","女","无IP","23205498","6","","10000","0","","催cg"
"今年会飘雪吗","男","无IP","97186243","6","","10000","0","","鬼才销售"
"虫虫要干饭","保密","无IP","79530843","6","明日方舟音律系列","10000","0","","我缺的是那一个兑换码吗，我缺的是钱[蛆音娘_扶额]"
"Aunxer懒癌","保密","无IP","16061824","6","EveOneCat2","10000","0","","我猜有人说80级舰长每人一箱"
"世界的另一头欢笑","男","无IP","244941673","5","","10000","0","","海星"
"Bili_281418919","男","无IP","281418919","5","","10000","0","","附赠大月卡的话我买一箱[小电视_嘟嘴]"
"D馨昕","保密","无IP","44087122","6","","10000","0","","买买买"
"流风回雪时","男","无IP","25813974","6","偶像梦幻祭2","10000","0","","打工少女，又来了"
"珊多拉陛下的食谱","男","无IP","159330821","6","罗小黑战记","10000","0","9","(RQ)/"
"没鼻子de海星","男","无IP","244103406","6","2233白色情人节","10000","0","","前排"
"Astatine酱","保密","无IP","26030840","6","","10000","0","","什么时候上电视啊啊啊啊"
"石头ccc","男","无IP","32622507","6","","10000","0","","前排"
"我们无法分离","保密","无IP","267446287","6","良辰美景・不问天","10000","0","2","给女武神过生日=骗氪[2233娘_喝水]"
"超级无敌鹭小车儿","保密","无IP","24449979","6","公主连结可可萝","10000","0","","三星圣痕？过于真实"
"会推车的轩轩","男","无IP","190820770","4","","10000","0","","不知道米忽悠又和哪家联盟了"
"夕灵sama","保密","无IP","5089703","6","绯赤艾莉欧","10000","0","","美工是不是又换了_(:3」∠)_"
"黑夜的低语者","男","无IP","4976662","6","","10000","0","","买买买！"
"Neko-seele","女","无IP","5658380","6","","10000","0","","上次肯德基送优惠券吃的还是蛮过瘾的，这次不知道送不送优惠券……"
"李想开","男","无IP","1477893","6","","10000","0","","我想知道联动之后，百乐滋会不会涨价啊……"
"Telethia","保密","无IP","40114557","6","绯赤艾莉欧","10000","0","","贵一倍还行[2233娘_大笑]"
"落叶归根不归土","男","无IP","21845121","6","崩坏3・天穹流星","10000","0","","芽衣律了(｀ω)"
"后鸟羽","保密","无IP","23305756","6","刀说异数","10000","0","","又让我流下了没钱的眼泪"
"二十三点前睡觉","保密","无IP","56108906","6","","10000","0","","不联动点别的游戏动漫，天天联动些吃的，也是没谁了[小电视_发愁]"
"招牌女仆南琴梨","女","无IP","28368872","5","","10000","0","","打工少女琪亚娜。"
"冰冰凉大西瓜","保密","无IP","82279584","6","","10000","0","1","原价39....现价99....太**贵了！"
"摆烂的阿虚","男","无IP","268623534","6","明日方舟音律系列","10000","0","","来份包菜味的，谢谢"
"liuxin4114","男","无IP","5041997","6","良辰美景・不问天","10000","0","","抢抢抢"
"月下初颜","保密","无IP","95995683","5","","10000","0","","告诉我价格，让我死心"
"猫耳aniki","男","无IP","19153","6","奶萌独角猫头像框","10000","0","","我以为是pocket 再见"
"乾いた杯","男","无IP","3460815","6","萌妻食神","10000","0","","应该像乐事一样送"
"想和G祈谈恋爱","保密","无IP","49613063","6","","10000","0","","81级没人一箱[蛆音娘_滑稽]"
"一ウ凉夏ェミ","保密","无IP","38894609","6","","10000","0","5","住手，放开我的钱包[蛆音娘_滑稽]"
"空弦Official","女","无IP","11968060","6","珈乐Carol","10000","0","","所以80级的人有没有送的？[蛆音娘_吃瓜群众]"
"挚爱_五五开","男","无IP","363172090","5","","10000","0","","那么，在哪里才能买到呢.jpg"
"亲分的番茄鸭","保密","无IP","18009826","6","","10000","0","","我觉得百奇好吃点[小电视_发愁]"
"爱吃螃蟹的鲨鱼怪","保密","无IP","147712595","6","","10000","0","","昨天赏枫奖励没到是bug还是真出问题？维护之前领的，今天还没消息。。"
"拘心者","男","无IP","14035424","6","","10000","0","9","我还以为是剧情动画更新了.......(s°口°)s(┴―┴"
"汤之花-幽奈","保密","无IP","29489144","6","","10000","0","6","现在崩3有关的视频下面都有股戾气啊( _f｀)[小电视_发愁]"
"坂本秋月の梦前光","男","无IP","14390924","6","HIME","10000","0","","蓝蓝路"
"大河世界第一可爱","女","无IP","39213934","6","星座系列：摩羯座","10000","0","","零点秒杀警告_(:3」∠)_"
"月下映星河","保密","无IP","1272744","5","","10000","0","","不好好优化游戏，搞什么有的没的"
"K-Orange","男","无IP","21432635","6","初音未来13周年","10000","0","1","不知道能在多少分钟之内停售(=ω=)"
"争强好胜比","保密","无IP","241757692","4","","10000","0","","（￣￣）"
"发现牛顿的引力","男","无IP","68374110","6","","10000","0","","这次琪亚娜不送外卖了吗"
"羞涩的阿o","保密","无IP","40623606","6","","10000","0","5","终于五级了，从今天开始，我终于要步入萌新了"
"养只呆毛镇镇宅","女","无IP","40455201","6","","10000","0","","每天当清洁工养活老婆，那还有钱买东西"
"blueday18","男","无IP","299627860","6","乐正绫五周年生日","10000","0","","琪亚娜又被拉去打广告了。"
"独寻寒江雪","保密","无IP","34081540","6","2021拜年纪活动专属","10000","0","","nice啊"
"培_根_","保密","无IP","89264892","6","","10000","0","","买爆"
"坚毅老兵在唐门","男","无IP","99076518","6","","10000","0","","我强烈建议在活动期间满80的舰长免费送一箱[2233娘_卖萌]"
"为了诺艾尔改个名","女","无IP","163841924","5","","10000","0","","附送水晶卖的更多"
"RenAisense","保密","无IP","12585975","6","","10000","0","","获游戏定制电脑桌！不，是游戏内（哇这奖励我好心动哦）"
"失鸣泽之明非","保密","无IP","8123982","6","","10000","0","","同样的10包去其他店里买30多最多40，等于说50换一个挂件和几个家具。自己想想值不值"
"仟拾柒","保密","无IP","25980796","6","三周年恋曲","10000","0","","一个软挂60 是了 舰长的钱都是刮来的 ←_←"
"上官瞌睡","男","无IP","12671575","6","一起看电竞","10000","0","","看到送钻石我就肯定会买了"
"困困汪","保密","无IP","94401597","6","hanser","10000","0","10","钱包以空，动不起来了，"
"Rhodi-洛迪","男","无IP","17563846","5","","10000","0","","收集控表示钱包又要吃瘪了"
"bilbil樱灵","保密","无IP","24196474","5","","10000","0","","我全都要谁都别跟我抢"
"改名一定会变欧","男","无IP","166568735","4","","10000","0","","1000块换个皮肤和材料一点不亏"
"赤鸢符","保密","无IP","159631470","6","国民老公带回家","10000","0","","哦？不错[小电视_害羞]改天试试"
"努力学习中的小华丽","男","无IP","63294433","6","","10000","0","","众所周知，骑芽娜是为打工（吃货）少女"
"老旺寒","保密","无IP","5275298","6","","10000","0","","因重氪大佬集体弃坑，米哈游没钱(=_=)，已转战美食区"
"艾伦一野鸽儿","男","无IP","205474439","6","星座系列：双鱼座","10000","0","","我想要的是电脑桌吗？我要水晶，水晶！，就是那种发亮的东西。"
"就是个新昵称","保密","无IP","87080757","6","","10000","0","","(=ω=)"
"账号已注销","保密","无IP","10957283","0","","5000","0","","圣痕好看啊"
"石原紫","保密","无IP","340488171","6","","10000","0","","崩坏三小卖铺"
"柠檬今天也在刷排行榜","女","无IP","173377591","4","","10000","0","","官方画的琪亚娜永远这么萌(=ω=)"
"布布利","男","无IP","260082771","5","2233白色情人节","10000","0","","可怕，现在崩3在卖零食？！不是保护美好世界阻止崩坏的吗(Д≡д)!?"
"silence-10086","男","无IP","28965036","6","","10000","0","","哇~"
"天上地下1","保密","无IP","43209644","6","","10000","0","","那么，在哪里能买的到呢"
"安原朔","女","无IP","3835148","6","崩坏：星穹铁道","10000","0","","想要符华的圣痕和挂件[小电视_哭泣]"
"柠檬酸菜芯","保密","无IP","13201743","6","hanser","10000","0","2","买买买。"
"西伯利亚大角牛","女","无IP","109121600","5","","10000","0","","关上前一百大门,并且踢了101一jiao"
"liuruie","保密","无IP","172217820","6","","10000","0","3","前排"
"墨色如辉","保密","无IP","29046812","6","","10000","0","1","我舰长今天就算饿死，死外边从休伯利安上跳下去，也不会吃你们一点东西,嗝(￣△￣)"
"状阳画派的李莲华","男","无IP","38518473","6","","10000","0","","litsvn大大的，吹爆！！"
"马姬马姬马__Official","保密","无IP","349866583","5","","10000","0","","崩坏学园第一发电偶像爱酱"
"带着宇宙队偷电瓶车","男","无IP","155551185","6","崩坏：星穹铁道","10000","0","","打工琪亚娜上线"
"梦醒ノ花依在","保密","无IP","241683917","6","","10000","0","","这广告还有BGM我给满分[蛆音娘_OK]"
"幸运的小月喵","女","无IP","2699003","5","","10000","0","","女王皮肤我已经做好了抽十次的准备"
"八重澜","男","无IP","53546834","6","原神","10000","0","6","为啥全是草履虫来联动？芽衣不好吗？小八也行啊"
"冥星☆月夜","男","无IP","1632117","6","","10000","0","","打工少女琪亚娜又多了一份工要打了，而且自己身体还要兼职boss真惨"
"189狐妖家の兔仔","保密","无IP","11873172","6","初音未来13周年","10000","0","11","我买爆！"
"Go_Ryan","保密","无IP","22394388","6","","10000","0","","买吖"
"Theresad","男","无IP","335303619","6","七濑胡桃","10000","0","","前排"
"柠檬雨Ame","男","无IP","124002610","6","三周年恋曲","10000","0","","琪亚娜继卖自己之后，又买起了百力滋[小电视_赞]"
"花粉过敏注意","保密","无IP","5761871","6","","10000","0","","怕不是要屯钱做四了"
"千羽学园首席骑士","保密","无IP","352123544","6","","10000","0","","还是用的KFC那支BGM，有点糊弄事了吧。"
"雾切硝子","男","无IP","360375271","5","","10000","0","","啦啦啦"
"EZ不好玩","男","无IP","125964506","6","","10000","0","","琪亚娜变圣痕了？"
"买辆小车车","男","无IP","30977747","6","","10000","0","","哈？"
"K_And_B","男","无IP","6848406","6","EveOneCat2","10000","0","","emmmmm"
"芭芭萝丝的财宝","保密","无IP","27076325","6","","10000","0","","不是前50直播女装"
"花粉过敏注意","保密","无IP","5761871","6","","10000","0","","哈哈哈硬核广告"
"弱冠型黑音","男","无IP","9010453","6","","10000","0","","蹦蹦蹦联动了[小电视_笑]"
"强zi","保密","无IP","37650790","6","","10000","0","","前。。。。个吉尔"
"爱吃肉的蘑菇W","保密","无IP","253429722","6","崩坏3・天穹流星","10000","0","","前排,,,[小电视_赞][小电视_赞]"
"Megumi39","保密","无IP","36284926","6","","10000","0","","第。。。。。一？？？"
"刻痕3","男","无IP","35305404","6","","10000","0","","(￣△￣)"
"黑丨塔","保密","无IP","10201012","6","赏樱大会欧皇","10000","0","","吉吉"
"伊梦依人","男","无IP","22197763","6","洛天依8th生日纪念","10000","0","6","前排！"
"LQS01","男","无IP","75880838","6","","10000","0","","前排"
"星之卡比安","保密","无IP","37262238","6","","10000","0","","！！！"
"木林の以森","保密","无IP","40935671","6","","10000","0","","-.-"
"不能小心点","男","无IP","251547099","6","","10000","0","","77777"
"人生有多少个十连","保密","无IP","6681599","6","","10000","0","","→_→"
"平穷巫女灵梦","保密","无IP","87438958","5","-阿库娅","10000","0","","哇难受"
"NNNNEXUS","男","无IP","642685","6","","10000","0","","？？"
"咱不知也不问","保密","无IP","22422471","6","星座系列：水瓶座","10000","0","","第几"
"隐藏在拖更的黄鱼","男","无IP","6111264","6","","10000","0","","没钱[小电视_笑]"
"蓝莓味の彩虹","男","无IP","29428742","6","早稻叽","10000","0","","第一"
"录闻见物生常异","保密","无IP","137500348","6","","10000","0","4","(^x^)"
"covertfront","保密","无IP","32723331","6","","10000","0","","第一"
"南窈","男","无IP","87162196","5","","10000","0","","第一"
"白召雪","保密","无IP","22576653","6","2233幻星集","10000","0","","(｀ω)"
"一张儿","男","无IP","6177169","6","明日方舟音律系列","10000","0","","我狗命王呢，不是说联动吗，咋狗命王都出三崩子的东西了，这边还是没反应，难道求生欲望这么强？"
"魔袅","男","无IP","201540416","6","星座系列：射手座","10000","0","1","啊啊啊啊"
"PAPAAAA","保密","无IP","12391571","6","","10000","0","","这是什么神奇磨牙棒，竟让我看见了就迈不动腿[2233娘_吃惊]"
"凉宫春日绝不会忧郁","男","无IP","25685910","6","初音未来13周年","10000","0","","？前排"
"神里绫华的艾露猫","男","无IP","22360265","6","原神","10000","0","7","那么在哪里可以买到呢"
"呵呵哈哈哈哈呵呵哈哈","保密","无IP","15050351","6","","10000","0","3","(=ω=)"
"天蓝色海洋","男","无IP","260528275","5","","10000","0","","日服抽到氯化钠了，给你点个赞吧(｀ω)"
"怡红公子不懂爱","保密","无IP","8396203","6","希萝Hiiro","10000","0","","第七"
"正在躺平的非洲难民","男","无IP","104609316","6","战双帕弥什","10000","0","","嘤嘤嘤"
"山川不是3","保密","无IP","106483582","5","","10000","0","","第1000！"
"卖营长的意大利炮","保密","无IP","376290676","5","","10000","0","","洛阳铲"
